
Voting_System.elf:     file format elf32-avr

Sections:
Idx Name          Size      VMA       LMA       File off  Algn
  0 .text         000014e6  00000000  00000000  00000094  2**1
                  CONTENTS, ALLOC, LOAD, READONLY, CODE
  1 .data         00000094  00800060  000014e6  0000157a  2**0
                  CONTENTS, ALLOC, LOAD, DATA
  2 .bss          00000014  008000f4  008000f4  0000160e  2**0
                  ALLOC
  3 .comment      00000030  00000000  00000000  0000160e  2**0
                  CONTENTS, READONLY
  4 .note.gnu.avr.deviceinfo 0000003c  00000000  00000000  00001640  2**2
                  CONTENTS, READONLY
  5 .debug_aranges 00000160  00000000  00000000  0000167c  2**0
                  CONTENTS, READONLY, DEBUGGING
  6 .debug_info   0000214e  00000000  00000000  000017dc  2**0
                  CONTENTS, READONLY, DEBUGGING
  7 .debug_abbrev 00000b78  00000000  00000000  0000392a  2**0
                  CONTENTS, READONLY, DEBUGGING
  8 .debug_line   0000120e  00000000  00000000  000044a2  2**0
                  CONTENTS, READONLY, DEBUGGING
  9 .debug_frame  000002b4  00000000  00000000  000056b0  2**2
                  CONTENTS, READONLY, DEBUGGING
 10 .debug_str    000006b0  00000000  00000000  00005964  2**0
                  CONTENTS, READONLY, DEBUGGING
 11 .debug_loc    0000169b  00000000  00000000  00006014  2**0
                  CONTENTS, READONLY, DEBUGGING
 12 .debug_ranges 00000130  00000000  00000000  000076af  2**0
                  CONTENTS, READONLY, DEBUGGING

Disassembly of section .text:

00000000 <__vectors>:
       0:	0c 94 2a 00 	jmp	0x54	; 0x54 <__ctors_end>
       4:	0c 94 47 00 	jmp	0x8e	; 0x8e <__bad_interrupt>
       8:	0c 94 47 00 	jmp	0x8e	; 0x8e <__bad_interrupt>
       c:	0c 94 47 00 	jmp	0x8e	; 0x8e <__bad_interrupt>
      10:	0c 94 47 00 	jmp	0x8e	; 0x8e <__bad_interrupt>
      14:	0c 94 47 00 	jmp	0x8e	; 0x8e <__bad_interrupt>
      18:	0c 94 47 00 	jmp	0x8e	; 0x8e <__bad_interrupt>
      1c:	0c 94 47 00 	jmp	0x8e	; 0x8e <__bad_interrupt>
      20:	0c 94 47 00 	jmp	0x8e	; 0x8e <__bad_interrupt>
      24:	0c 94 47 00 	jmp	0x8e	; 0x8e <__bad_interrupt>
      28:	0c 94 47 00 	jmp	0x8e	; 0x8e <__bad_interrupt>
      2c:	0c 94 47 00 	jmp	0x8e	; 0x8e <__bad_interrupt>
      30:	0c 94 47 00 	jmp	0x8e	; 0x8e <__bad_interrupt>
      34:	0c 94 47 00 	jmp	0x8e	; 0x8e <__bad_interrupt>
      38:	0c 94 47 00 	jmp	0x8e	; 0x8e <__bad_interrupt>
      3c:	0c 94 47 00 	jmp	0x8e	; 0x8e <__bad_interrupt>
      40:	0c 94 47 00 	jmp	0x8e	; 0x8e <__bad_interrupt>
      44:	0c 94 47 00 	jmp	0x8e	; 0x8e <__bad_interrupt>
      48:	0c 94 47 00 	jmp	0x8e	; 0x8e <__bad_interrupt>
      4c:	0c 94 47 00 	jmp	0x8e	; 0x8e <__bad_interrupt>
      50:	0c 94 47 00 	jmp	0x8e	; 0x8e <__bad_interrupt>

00000054 <__ctors_end>:
      54:	11 24       	eor	r1, r1
      56:	1f be       	out	0x3f, r1	; 63
      58:	cf e5       	ldi	r28, 0x5F	; 95
      5a:	d4 e0       	ldi	r29, 0x04	; 4
      5c:	de bf       	out	0x3e, r29	; 62
      5e:	cd bf       	out	0x3d, r28	; 61

00000060 <__do_copy_data>:
      60:	10 e0       	ldi	r17, 0x00	; 0
      62:	a0 e6       	ldi	r26, 0x60	; 96
      64:	b0 e0       	ldi	r27, 0x00	; 0
      66:	e6 ee       	ldi	r30, 0xE6	; 230
      68:	f4 e1       	ldi	r31, 0x14	; 20
      6a:	02 c0       	rjmp	.+4      	; 0x70 <__do_copy_data+0x10>
      6c:	05 90       	lpm	r0, Z+
      6e:	0d 92       	st	X+, r0
      70:	a4 3f       	cpi	r26, 0xF4	; 244
      72:	b1 07       	cpc	r27, r17
      74:	d9 f7       	brne	.-10     	; 0x6c <__do_copy_data+0xc>

00000076 <__do_clear_bss>:
      76:	21 e0       	ldi	r18, 0x01	; 1
      78:	a4 ef       	ldi	r26, 0xF4	; 244
      7a:	b0 e0       	ldi	r27, 0x00	; 0
      7c:	01 c0       	rjmp	.+2      	; 0x80 <.do_clear_bss_start>

0000007e <.do_clear_bss_loop>:
      7e:	1d 92       	st	X+, r1

00000080 <.do_clear_bss_start>:
      80:	a8 30       	cpi	r26, 0x08	; 8
      82:	b2 07       	cpc	r27, r18
      84:	e1 f7       	brne	.-8      	; 0x7e <.do_clear_bss_loop>
      86:	0e 94 8c 07 	call	0xf18	; 0xf18 <main>
      8a:	0c 94 71 0a 	jmp	0x14e2	; 0x14e2 <_exit>

0000008e <__bad_interrupt>:
      8e:	0c 94 00 00 	jmp	0	; 0x0 <__vectors>

00000092 <Init_voidSystem>:



void Init_voidSystem(void)
{
	LCD_voidInit();
      92:	0e 94 30 06 	call	0xc60	; 0xc60 <LCD_voidInit>
	KPD_voidInit();
      96:	0e 94 18 05 	call	0xa30	; 0xa30 <KPD_voidInit>
	DIO_u8SetPinDirection(DIO_PORTC, DIO_PIN0, DIO_INPUT); // Push Button A
      9a:	40 e0       	ldi	r20, 0x00	; 0
      9c:	60 e0       	ldi	r22, 0x00	; 0
      9e:	82 e0       	ldi	r24, 0x02	; 2
      a0:	0e 94 3f 03 	call	0x67e	; 0x67e <DIO_u8SetPinDirection>
	DIO_u8SetPinDirection(DIO_PORTC, DIO_PIN1, DIO_INPUT); // Push Button B
      a4:	40 e0       	ldi	r20, 0x00	; 0
      a6:	61 e0       	ldi	r22, 0x01	; 1
      a8:	82 e0       	ldi	r24, 0x02	; 2
      aa:	0e 94 3f 03 	call	0x67e	; 0x67e <DIO_u8SetPinDirection>
	DIO_u8SetPinDirection(DIO_PORTC, DIO_PIN2, DIO_INPUT); // Push Button C
      ae:	40 e0       	ldi	r20, 0x00	; 0
      b0:	62 e0       	ldi	r22, 0x02	; 2
      b2:	82 e0       	ldi	r24, 0x02	; 2
      b4:	0e 94 3f 03 	call	0x67e	; 0x67e <DIO_u8SetPinDirection>
	DIO_u8SetPinDirection(DIO_PORTC, DIO_PIN3, DIO_INPUT); // Push Button D
      b8:	40 e0       	ldi	r20, 0x00	; 0
      ba:	63 e0       	ldi	r22, 0x03	; 3
      bc:	82 e0       	ldi	r24, 0x02	; 2
      be:	0e 94 3f 03 	call	0x67e	; 0x67e <DIO_u8SetPinDirection>
	DIO_u8SetPinDirection(DIO_PORTC, DIO_PIN4, DIO_INPUT); // Reset Button
      c2:	40 e0       	ldi	r20, 0x00	; 0
      c4:	64 e0       	ldi	r22, 0x04	; 4
      c6:	82 e0       	ldi	r24, 0x02	; 2
      c8:	0e 94 3f 03 	call	0x67e	; 0x67e <DIO_u8SetPinDirection>
	DIO_u8SetPinDirection(DIO_PORTC, DIO_PIN5, DIO_INPUT); // Show Percentages Button
      cc:	40 e0       	ldi	r20, 0x00	; 0
      ce:	65 e0       	ldi	r22, 0x05	; 5
      d0:	82 e0       	ldi	r24, 0x02	; 2
      d2:	0e 94 3f 03 	call	0x67e	; 0x67e <DIO_u8SetPinDirection>
      d6:	08 95       	ret

000000d8 <compare_passwords>:
}

u8 compare_passwords(u8* password1, u8* password2) {
      d8:	dc 01       	movw	r26, r24
	for (u8 i = 0; i < Password_Length; i++) {
      da:	90 e0       	ldi	r25, 0x00	; 0
      dc:	0d c0       	rjmp	.+26     	; 0xf8 <compare_passwords+0x20>
		if (password1[i] != password2[i]) {
      de:	29 2f       	mov	r18, r25
      e0:	30 e0       	ldi	r19, 0x00	; 0
      e2:	fd 01       	movw	r30, r26
      e4:	e2 0f       	add	r30, r18
      e6:	f3 1f       	adc	r31, r19
      e8:	40 81       	ld	r20, Z
      ea:	fb 01       	movw	r30, r22
      ec:	e2 0f       	add	r30, r18
      ee:	f3 1f       	adc	r31, r19
      f0:	20 81       	ld	r18, Z
      f2:	42 13       	cpse	r20, r18
      f4:	05 c0       	rjmp	.+10     	; 0x100 <compare_passwords+0x28>
	DIO_u8SetPinDirection(DIO_PORTC, DIO_PIN4, DIO_INPUT); // Reset Button
	DIO_u8SetPinDirection(DIO_PORTC, DIO_PIN5, DIO_INPUT); // Show Percentages Button
}

u8 compare_passwords(u8* password1, u8* password2) {
	for (u8 i = 0; i < Password_Length; i++) {
      f6:	9f 5f       	subi	r25, 0xFF	; 255
      f8:	94 30       	cpi	r25, 0x04	; 4
      fa:	88 f3       	brcs	.-30     	; 0xde <compare_passwords+0x6>
		if (password1[i] != password2[i]) {
			return 0;
		}
	}
	return 1;
      fc:	81 e0       	ldi	r24, 0x01	; 1
      fe:	08 95       	ret
}

u8 compare_passwords(u8* password1, u8* password2) {
	for (u8 i = 0; i < Password_Length; i++) {
		if (password1[i] != password2[i]) {
			return 0;
     100:	80 e0       	ldi	r24, 0x00	; 0
		}
	}
	return 1;
}
     102:	08 95       	ret

00000104 <Enter_voidPassword>:


void Enter_voidPassword(void)
{
     104:	cf 93       	push	r28
     106:	df 93       	push	r29
	u8 KeyPressed = 0;
	u8 counter = 0;
     108:	d0 e0       	ldi	r29, 0x00	; 0
	while (counter != Password_Length) {
     10a:	21 c0       	rjmp	.+66     	; 0x14e <Enter_voidPassword+0x4a>
		KeyPressed = KPD_u8GetPressed();
     10c:	0e 94 69 05 	call	0xad2	; 0xad2 <KPD_u8GetPressed>
     110:	c8 2f       	mov	r28, r24
		if (KeyPressed != NotPressed) {
     112:	8f 3f       	cpi	r24, 0xFF	; 255
     114:	e1 f0       	breq	.+56     	; 0x14e <Enter_voidPassword+0x4a>
			LCD_voidSenddata(KeyPressed);
     116:	0e 94 ee 05 	call	0xbdc	; 0xbdc <LCD_voidSenddata>
	#else
		//round up by default
		__ticks_dc = (uint32_t)(ceil(fabs(__tmp)));
	#endif

	__builtin_avr_delay_cycles(__ticks_dc);
     11a:	8f e1       	ldi	r24, 0x1F	; 31
     11c:	9e e4       	ldi	r25, 0x4E	; 78
     11e:	01 97       	sbiw	r24, 0x01	; 1
     120:	f1 f7       	brne	.-4      	; 0x11e <Enter_voidPassword+0x1a>
     122:	00 c0       	rjmp	.+0      	; 0x124 <Enter_voidPassword+0x20>
     124:	00 00       	nop
			_delay_ms(5);
			LCD_voidSetPosition(2, 4 + counter);
     126:	64 e0       	ldi	r22, 0x04	; 4
     128:	6d 0f       	add	r22, r29
     12a:	82 e0       	ldi	r24, 0x02	; 2
     12c:	0e 94 79 07 	call	0xef2	; 0xef2 <LCD_voidSetPosition>
			LCD_voidSenddata('*');
     130:	8a e2       	ldi	r24, 0x2A	; 42
     132:	0e 94 ee 05 	call	0xbdc	; 0xbdc <LCD_voidSenddata>
			pass2[counter] = KeyPressed;
     136:	ed 2f       	mov	r30, r29
     138:	f0 e0       	ldi	r31, 0x00	; 0
     13a:	ec 5f       	subi	r30, 0xFC	; 252
     13c:	fe 4f       	sbci	r31, 0xFE	; 254
     13e:	c0 83       	st	Z, r28
     140:	8f e9       	ldi	r24, 0x9F	; 159
     142:	9f e0       	ldi	r25, 0x0F	; 15
     144:	01 97       	sbiw	r24, 0x01	; 1
     146:	f1 f7       	brne	.-4      	; 0x144 <Enter_voidPassword+0x40>
     148:	00 c0       	rjmp	.+0      	; 0x14a <Enter_voidPassword+0x46>
     14a:	00 00       	nop
			_delay_ms(1);
			counter++;
     14c:	df 5f       	subi	r29, 0xFF	; 255

void Enter_voidPassword(void)
{
	u8 KeyPressed = 0;
	u8 counter = 0;
	while (counter != Password_Length) {
     14e:	d4 30       	cpi	r29, 0x04	; 4
     150:	e9 f6       	brne	.-70     	; 0x10c <Enter_voidPassword+0x8>
			pass2[counter] = KeyPressed;
			_delay_ms(1);
			counter++;
		}
	}
}
     152:	df 91       	pop	r29
     154:	cf 91       	pop	r28
     156:	08 95       	ret

00000158 <positions>:



void positions(void)
{
	LCD_voidClearScreen();
     158:	0e 94 26 06 	call	0xc4c	; 0xc4c <LCD_voidClearScreen>
	LCD_voidSetPosition(1, 1);
     15c:	61 e0       	ldi	r22, 0x01	; 1
     15e:	81 e0       	ldi	r24, 0x01	; 1
     160:	0e 94 79 07 	call	0xef2	; 0xef2 <LCD_voidSetPosition>
	LCD_voidSendString("A=");
     164:	84 e7       	ldi	r24, 0x74	; 116
     166:	90 e0       	ldi	r25, 0x00	; 0
     168:	0e 94 13 06 	call	0xc26	; 0xc26 <LCD_voidSendString>
	LCD_voidSetPosition(1,3);
     16c:	63 e0       	ldi	r22, 0x03	; 3
     16e:	81 e0       	ldi	r24, 0x01	; 1
     170:	0e 94 79 07 	call	0xef2	; 0xef2 <LCD_voidSetPosition>
	LCD_voidSendNumber(counter1);
     174:	60 91 00 01 	lds	r22, 0x0100	; 0x800100 <counter1>
     178:	70 91 01 01 	lds	r23, 0x0101	; 0x800101 <counter1+0x1>
     17c:	80 91 02 01 	lds	r24, 0x0102	; 0x800102 <counter1+0x2>
     180:	90 91 03 01 	lds	r25, 0x0103	; 0x800103 <counter1+0x3>
     184:	0e 94 73 08 	call	0x10e6	; 0x10e6 <__fixunssfdi>
     188:	0e 94 6a 06 	call	0xcd4	; 0xcd4 <LCD_voidSendNumber>
	LCD_voidSetPosition(1, 10);
     18c:	6a e0       	ldi	r22, 0x0A	; 10
     18e:	81 e0       	ldi	r24, 0x01	; 1
     190:	0e 94 79 07 	call	0xef2	; 0xef2 <LCD_voidSetPosition>
	LCD_voidSendString("B=");
     194:	87 e7       	ldi	r24, 0x77	; 119
     196:	90 e0       	ldi	r25, 0x00	; 0
     198:	0e 94 13 06 	call	0xc26	; 0xc26 <LCD_voidSendString>
	LCD_voidSetPosition(1,12);
     19c:	6c e0       	ldi	r22, 0x0C	; 12
     19e:	81 e0       	ldi	r24, 0x01	; 1
     1a0:	0e 94 79 07 	call	0xef2	; 0xef2 <LCD_voidSetPosition>
	LCD_voidSendNumber(counter2);
     1a4:	60 91 fc 00 	lds	r22, 0x00FC	; 0x8000fc <counter2>
     1a8:	70 91 fd 00 	lds	r23, 0x00FD	; 0x8000fd <counter2+0x1>
     1ac:	80 91 fe 00 	lds	r24, 0x00FE	; 0x8000fe <counter2+0x2>
     1b0:	90 91 ff 00 	lds	r25, 0x00FF	; 0x8000ff <counter2+0x3>
     1b4:	0e 94 73 08 	call	0x10e6	; 0x10e6 <__fixunssfdi>
     1b8:	0e 94 6a 06 	call	0xcd4	; 0xcd4 <LCD_voidSendNumber>
	LCD_voidSetPosition(2, 1);
     1bc:	61 e0       	ldi	r22, 0x01	; 1
     1be:	82 e0       	ldi	r24, 0x02	; 2
     1c0:	0e 94 79 07 	call	0xef2	; 0xef2 <LCD_voidSetPosition>
	LCD_voidSendString("C=");
     1c4:	8a e7       	ldi	r24, 0x7A	; 122
     1c6:	90 e0       	ldi	r25, 0x00	; 0
     1c8:	0e 94 13 06 	call	0xc26	; 0xc26 <LCD_voidSendString>
	LCD_voidSetPosition(2,3);
     1cc:	63 e0       	ldi	r22, 0x03	; 3
     1ce:	82 e0       	ldi	r24, 0x02	; 2
     1d0:	0e 94 79 07 	call	0xef2	; 0xef2 <LCD_voidSetPosition>
	LCD_voidSendNumber(counter3);
     1d4:	60 91 f8 00 	lds	r22, 0x00F8	; 0x8000f8 <counter3>
     1d8:	70 91 f9 00 	lds	r23, 0x00F9	; 0x8000f9 <counter3+0x1>
     1dc:	80 91 fa 00 	lds	r24, 0x00FA	; 0x8000fa <counter3+0x2>
     1e0:	90 91 fb 00 	lds	r25, 0x00FB	; 0x8000fb <counter3+0x3>
     1e4:	0e 94 73 08 	call	0x10e6	; 0x10e6 <__fixunssfdi>
     1e8:	0e 94 6a 06 	call	0xcd4	; 0xcd4 <LCD_voidSendNumber>
	LCD_voidSetPosition(2, 10);
     1ec:	6a e0       	ldi	r22, 0x0A	; 10
     1ee:	82 e0       	ldi	r24, 0x02	; 2
     1f0:	0e 94 79 07 	call	0xef2	; 0xef2 <LCD_voidSetPosition>
	LCD_voidSendString("D=");
     1f4:	8d e7       	ldi	r24, 0x7D	; 125
     1f6:	90 e0       	ldi	r25, 0x00	; 0
     1f8:	0e 94 13 06 	call	0xc26	; 0xc26 <LCD_voidSendString>
	LCD_voidSetPosition(2,12);
     1fc:	6c e0       	ldi	r22, 0x0C	; 12
     1fe:	82 e0       	ldi	r24, 0x02	; 2
     200:	0e 94 79 07 	call	0xef2	; 0xef2 <LCD_voidSetPosition>
	LCD_voidSendNumber(counter4);
     204:	60 91 f4 00 	lds	r22, 0x00F4	; 0x8000f4 <__data_end>
     208:	70 91 f5 00 	lds	r23, 0x00F5	; 0x8000f5 <__data_end+0x1>
     20c:	80 91 f6 00 	lds	r24, 0x00F6	; 0x8000f6 <__data_end+0x2>
     210:	90 91 f7 00 	lds	r25, 0x00F7	; 0x8000f7 <__data_end+0x3>
     214:	0e 94 73 08 	call	0x10e6	; 0x10e6 <__fixunssfdi>
     218:	0e 94 6a 06 	call	0xcd4	; 0xcd4 <LCD_voidSendNumber>
     21c:	08 95       	ret

0000021e <App>:

void App(void)
{
	
	u8 Try=3;
	Init_voidSystem();
     21e:	0e 94 49 00 	call	0x92	; 0x92 <Init_voidSystem>
	LCD_voidSendString("Welcome to ");
     222:	80 e8       	ldi	r24, 0x80	; 128
     224:	90 e0       	ldi	r25, 0x00	; 0
     226:	0e 94 13 06 	call	0xc26	; 0xc26 <LCD_voidSendString>
	LCD_voidSetPosition(2, 2);
     22a:	62 e0       	ldi	r22, 0x02	; 2
     22c:	82 e0       	ldi	r24, 0x02	; 2
     22e:	0e 94 79 07 	call	0xef2	; 0xef2 <LCD_voidSetPosition>
	LCD_voidSendString(" Voting System ");
     232:	8c e8       	ldi	r24, 0x8C	; 140
     234:	90 e0       	ldi	r25, 0x00	; 0
     236:	0e 94 13 06 	call	0xc26	; 0xc26 <LCD_voidSendString>
     23a:	2f ef       	ldi	r18, 0xFF	; 255
     23c:	81 ee       	ldi	r24, 0xE1	; 225
     23e:	94 e0       	ldi	r25, 0x04	; 4
     240:	21 50       	subi	r18, 0x01	; 1
     242:	80 40       	sbci	r24, 0x00	; 0
     244:	90 40       	sbci	r25, 0x00	; 0
     246:	e1 f7       	brne	.-8      	; 0x240 <App+0x22>
     248:	00 c0       	rjmp	.+0      	; 0x24a <App+0x2c>
     24a:	00 00       	nop
	_delay_ms(100);
	LCD_voidClearScreen();
     24c:	0e 94 26 06 	call	0xc4c	; 0xc4c <LCD_voidClearScreen>
	LCD_voidSetPosition(1, 1);
     250:	61 e0       	ldi	r22, 0x01	; 1
     252:	81 e0       	ldi	r24, 0x01	; 1
     254:	0e 94 79 07 	call	0xef2	; 0xef2 <LCD_voidSetPosition>
	}
}


void App(void)
{
     258:	c3 e0       	ldi	r28, 0x03	; 3
	_delay_ms(100);
	LCD_voidClearScreen();
	LCD_voidSetPosition(1, 1);
	while(1)
	{
		LCD_voidClearScreen();
     25a:	0e 94 26 06 	call	0xc4c	; 0xc4c <LCD_voidClearScreen>
		LCD_voidSendString("Enter PIN:");
     25e:	8c e9       	ldi	r24, 0x9C	; 156
     260:	90 e0       	ldi	r25, 0x00	; 0
     262:	0e 94 13 06 	call	0xc26	; 0xc26 <LCD_voidSendString>
		LCD_voidSetPosition(2, 4);
     266:	64 e0       	ldi	r22, 0x04	; 4
     268:	82 e0       	ldi	r24, 0x02	; 2
     26a:	0e 94 79 07 	call	0xef2	; 0xef2 <LCD_voidSetPosition>
		Enter_voidPassword();
     26e:	0e 94 82 00 	call	0x104	; 0x104 <Enter_voidPassword>
		LCD_voidClearScreen();
     272:	0e 94 26 06 	call	0xc4c	; 0xc4c <LCD_voidClearScreen>
		
		if (compare_passwords(pass1, pass2))
     276:	64 e0       	ldi	r22, 0x04	; 4
     278:	71 e0       	ldi	r23, 0x01	; 1
     27a:	80 e6       	ldi	r24, 0x60	; 96
     27c:	90 e0       	ldi	r25, 0x00	; 0
     27e:	0e 94 6c 00 	call	0xd8	; 0xd8 <compare_passwords>
     282:	88 23       	and	r24, r24
     284:	09 f4       	brne	.+2      	; 0x288 <App+0x6a>
     286:	a2 c1       	rjmp	.+836    	; 0x5cc <__stack+0x16d>
		{
			LCD_voidSetPosition(1, 0);
     288:	60 e0       	ldi	r22, 0x00	; 0
     28a:	81 e0       	ldi	r24, 0x01	; 1
     28c:	0e 94 79 07 	call	0xef2	; 0xef2 <LCD_voidSetPosition>
			LCD_voidSendString("Correct PIN");
     290:	87 ea       	ldi	r24, 0xA7	; 167
     292:	90 e0       	ldi	r25, 0x00	; 0
     294:	0e 94 13 06 	call	0xc26	; 0xc26 <LCD_voidSendString>
     298:	2f ef       	ldi	r18, 0xFF	; 255
     29a:	80 e7       	ldi	r24, 0x70	; 112
     29c:	92 e0       	ldi	r25, 0x02	; 2
     29e:	21 50       	subi	r18, 0x01	; 1
     2a0:	80 40       	sbci	r24, 0x00	; 0
     2a2:	90 40       	sbci	r25, 0x00	; 0
     2a4:	e1 f7       	brne	.-8      	; 0x29e <App+0x80>
     2a6:	00 c0       	rjmp	.+0      	; 0x2a8 <App+0x8a>
     2a8:	00 00       	nop
			_delay_ms(50);
			positions();
     2aa:	0e 94 ac 00 	call	0x158	; 0x158 <positions>
			while(1)
			{
				u16 total_counter=counter1+counter2+counter3+counter4;
     2ae:	20 91 fc 00 	lds	r18, 0x00FC	; 0x8000fc <counter2>
     2b2:	30 91 fd 00 	lds	r19, 0x00FD	; 0x8000fd <counter2+0x1>
     2b6:	40 91 fe 00 	lds	r20, 0x00FE	; 0x8000fe <counter2+0x2>
     2ba:	50 91 ff 00 	lds	r21, 0x00FF	; 0x8000ff <counter2+0x3>
     2be:	60 91 00 01 	lds	r22, 0x0100	; 0x800100 <counter1>
     2c2:	70 91 01 01 	lds	r23, 0x0101	; 0x800101 <counter1+0x1>
     2c6:	80 91 02 01 	lds	r24, 0x0102	; 0x800102 <counter1+0x2>
     2ca:	90 91 03 01 	lds	r25, 0x0103	; 0x800103 <counter1+0x3>
     2ce:	0e 94 90 07 	call	0xf20	; 0xf20 <__addsf3>
     2d2:	20 91 f8 00 	lds	r18, 0x00F8	; 0x8000f8 <counter3>
     2d6:	30 91 f9 00 	lds	r19, 0x00F9	; 0x8000f9 <counter3+0x1>
     2da:	40 91 fa 00 	lds	r20, 0x00FA	; 0x8000fa <counter3+0x2>
     2de:	50 91 fb 00 	lds	r21, 0x00FB	; 0x8000fb <counter3+0x3>
     2e2:	0e 94 90 07 	call	0xf20	; 0xf20 <__addsf3>
     2e6:	20 91 f4 00 	lds	r18, 0x00F4	; 0x8000f4 <__data_end>
     2ea:	30 91 f5 00 	lds	r19, 0x00F5	; 0x8000f5 <__data_end+0x1>
     2ee:	40 91 f6 00 	lds	r20, 0x00F6	; 0x8000f6 <__data_end+0x2>
     2f2:	50 91 f7 00 	lds	r21, 0x00F7	; 0x8000f7 <__data_end+0x3>
     2f6:	0e 94 90 07 	call	0xf20	; 0xf20 <__addsf3>
     2fa:	0e 94 aa 08 	call	0x1154	; 0x1154 <__fixunssfsi>
     2fe:	6b 01       	movw	r12, r22
     300:	7c 01       	movw	r14, r24
     302:	eb 01       	movw	r28, r22
				if (button_u8read(DIO_PORTC,DIO_PIN0)==1)
     304:	60 e0       	ldi	r22, 0x00	; 0
     306:	82 e0       	ldi	r24, 0x02	; 2
     308:	0e 94 3c 03 	call	0x678	; 0x678 <button_u8read>
     30c:	81 30       	cpi	r24, 0x01	; 1
     30e:	c9 f4       	brne	.+50     	; 0x342 <App+0x124>
				{
					counter1++;
     310:	20 e0       	ldi	r18, 0x00	; 0
     312:	30 e0       	ldi	r19, 0x00	; 0
     314:	40 e8       	ldi	r20, 0x80	; 128
     316:	5f e3       	ldi	r21, 0x3F	; 63
     318:	60 91 00 01 	lds	r22, 0x0100	; 0x800100 <counter1>
     31c:	70 91 01 01 	lds	r23, 0x0101	; 0x800101 <counter1+0x1>
     320:	80 91 02 01 	lds	r24, 0x0102	; 0x800102 <counter1+0x2>
     324:	90 91 03 01 	lds	r25, 0x0103	; 0x800103 <counter1+0x3>
     328:	0e 94 90 07 	call	0xf20	; 0xf20 <__addsf3>
     32c:	60 93 00 01 	sts	0x0100, r22	; 0x800100 <counter1>
     330:	70 93 01 01 	sts	0x0101, r23	; 0x800101 <counter1+0x1>
     334:	80 93 02 01 	sts	0x0102, r24	; 0x800102 <counter1+0x2>
     338:	90 93 03 01 	sts	0x0103, r25	; 0x800103 <counter1+0x3>
					positions();	
     33c:	0e 94 ac 00 	call	0x158	; 0x158 <positions>
     340:	b6 cf       	rjmp	.-148    	; 0x2ae <App+0x90>
				}
				else if (button_u8read(DIO_PORTC,DIO_PIN1)==1)
     342:	61 e0       	ldi	r22, 0x01	; 1
     344:	82 e0       	ldi	r24, 0x02	; 2
     346:	0e 94 3c 03 	call	0x678	; 0x678 <button_u8read>
     34a:	81 30       	cpi	r24, 0x01	; 1
     34c:	c9 f4       	brne	.+50     	; 0x380 <App+0x162>
				{
					counter2++;
     34e:	20 e0       	ldi	r18, 0x00	; 0
     350:	30 e0       	ldi	r19, 0x00	; 0
     352:	40 e8       	ldi	r20, 0x80	; 128
     354:	5f e3       	ldi	r21, 0x3F	; 63
     356:	60 91 fc 00 	lds	r22, 0x00FC	; 0x8000fc <counter2>
     35a:	70 91 fd 00 	lds	r23, 0x00FD	; 0x8000fd <counter2+0x1>
     35e:	80 91 fe 00 	lds	r24, 0x00FE	; 0x8000fe <counter2+0x2>
     362:	90 91 ff 00 	lds	r25, 0x00FF	; 0x8000ff <counter2+0x3>
     366:	0e 94 90 07 	call	0xf20	; 0xf20 <__addsf3>
     36a:	60 93 fc 00 	sts	0x00FC, r22	; 0x8000fc <counter2>
     36e:	70 93 fd 00 	sts	0x00FD, r23	; 0x8000fd <counter2+0x1>
     372:	80 93 fe 00 	sts	0x00FE, r24	; 0x8000fe <counter2+0x2>
     376:	90 93 ff 00 	sts	0x00FF, r25	; 0x8000ff <counter2+0x3>
					positions();
     37a:	0e 94 ac 00 	call	0x158	; 0x158 <positions>
     37e:	97 cf       	rjmp	.-210    	; 0x2ae <App+0x90>
				}
				else if (button_u8read(DIO_PORTC,DIO_PIN2)==1)
     380:	62 e0       	ldi	r22, 0x02	; 2
     382:	82 e0       	ldi	r24, 0x02	; 2
     384:	0e 94 3c 03 	call	0x678	; 0x678 <button_u8read>
     388:	81 30       	cpi	r24, 0x01	; 1
     38a:	c9 f4       	brne	.+50     	; 0x3be <App+0x1a0>
				{
					counter3++;
     38c:	20 e0       	ldi	r18, 0x00	; 0
     38e:	30 e0       	ldi	r19, 0x00	; 0
     390:	40 e8       	ldi	r20, 0x80	; 128
     392:	5f e3       	ldi	r21, 0x3F	; 63
     394:	60 91 f8 00 	lds	r22, 0x00F8	; 0x8000f8 <counter3>
     398:	70 91 f9 00 	lds	r23, 0x00F9	; 0x8000f9 <counter3+0x1>
     39c:	80 91 fa 00 	lds	r24, 0x00FA	; 0x8000fa <counter3+0x2>
     3a0:	90 91 fb 00 	lds	r25, 0x00FB	; 0x8000fb <counter3+0x3>
     3a4:	0e 94 90 07 	call	0xf20	; 0xf20 <__addsf3>
     3a8:	60 93 f8 00 	sts	0x00F8, r22	; 0x8000f8 <counter3>
     3ac:	70 93 f9 00 	sts	0x00F9, r23	; 0x8000f9 <counter3+0x1>
     3b0:	80 93 fa 00 	sts	0x00FA, r24	; 0x8000fa <counter3+0x2>
     3b4:	90 93 fb 00 	sts	0x00FB, r25	; 0x8000fb <counter3+0x3>
					positions();
     3b8:	0e 94 ac 00 	call	0x158	; 0x158 <positions>
     3bc:	78 cf       	rjmp	.-272    	; 0x2ae <App+0x90>
				}
				else if (button_u8read(DIO_PORTC,DIO_PIN3)==1)
     3be:	63 e0       	ldi	r22, 0x03	; 3
     3c0:	82 e0       	ldi	r24, 0x02	; 2
     3c2:	0e 94 3c 03 	call	0x678	; 0x678 <button_u8read>
     3c6:	81 30       	cpi	r24, 0x01	; 1
     3c8:	c9 f4       	brne	.+50     	; 0x3fc <App+0x1de>
				{
					counter4++;
     3ca:	20 e0       	ldi	r18, 0x00	; 0
     3cc:	30 e0       	ldi	r19, 0x00	; 0
     3ce:	40 e8       	ldi	r20, 0x80	; 128
     3d0:	5f e3       	ldi	r21, 0x3F	; 63
     3d2:	60 91 f4 00 	lds	r22, 0x00F4	; 0x8000f4 <__data_end>
     3d6:	70 91 f5 00 	lds	r23, 0x00F5	; 0x8000f5 <__data_end+0x1>
     3da:	80 91 f6 00 	lds	r24, 0x00F6	; 0x8000f6 <__data_end+0x2>
     3de:	90 91 f7 00 	lds	r25, 0x00F7	; 0x8000f7 <__data_end+0x3>
     3e2:	0e 94 90 07 	call	0xf20	; 0xf20 <__addsf3>
     3e6:	60 93 f4 00 	sts	0x00F4, r22	; 0x8000f4 <__data_end>
     3ea:	70 93 f5 00 	sts	0x00F5, r23	; 0x8000f5 <__data_end+0x1>
     3ee:	80 93 f6 00 	sts	0x00F6, r24	; 0x8000f6 <__data_end+0x2>
     3f2:	90 93 f7 00 	sts	0x00F7, r25	; 0x8000f7 <__data_end+0x3>
					positions();
     3f6:	0e 94 ac 00 	call	0x158	; 0x158 <positions>
     3fa:	59 cf       	rjmp	.-334    	; 0x2ae <App+0x90>
				}
				else if (button_u8read(DIO_PORTC,DIO_PIN4)==1)
     3fc:	64 e0       	ldi	r22, 0x04	; 4
     3fe:	82 e0       	ldi	r24, 0x02	; 2
     400:	0e 94 3c 03 	call	0x678	; 0x678 <button_u8read>
     404:	81 30       	cpi	r24, 0x01	; 1
     406:	29 f5       	brne	.+74     	; 0x452 <__DATA_REGION_LENGTH__+0x52>
				{
					counter1=0;
     408:	10 92 00 01 	sts	0x0100, r1	; 0x800100 <counter1>
     40c:	10 92 01 01 	sts	0x0101, r1	; 0x800101 <counter1+0x1>
     410:	10 92 02 01 	sts	0x0102, r1	; 0x800102 <counter1+0x2>
     414:	10 92 03 01 	sts	0x0103, r1	; 0x800103 <counter1+0x3>
					counter2=0;
     418:	10 92 fc 00 	sts	0x00FC, r1	; 0x8000fc <counter2>
     41c:	10 92 fd 00 	sts	0x00FD, r1	; 0x8000fd <counter2+0x1>
     420:	10 92 fe 00 	sts	0x00FE, r1	; 0x8000fe <counter2+0x2>
     424:	10 92 ff 00 	sts	0x00FF, r1	; 0x8000ff <counter2+0x3>
					counter3=0;
     428:	10 92 f8 00 	sts	0x00F8, r1	; 0x8000f8 <counter3>
     42c:	10 92 f9 00 	sts	0x00F9, r1	; 0x8000f9 <counter3+0x1>
     430:	10 92 fa 00 	sts	0x00FA, r1	; 0x8000fa <counter3+0x2>
     434:	10 92 fb 00 	sts	0x00FB, r1	; 0x8000fb <counter3+0x3>
					counter4=0;
     438:	10 92 f4 00 	sts	0x00F4, r1	; 0x8000f4 <__data_end>
     43c:	10 92 f5 00 	sts	0x00F5, r1	; 0x8000f5 <__data_end+0x1>
     440:	10 92 f6 00 	sts	0x00F6, r1	; 0x8000f6 <__data_end+0x2>
     444:	10 92 f7 00 	sts	0x00F7, r1	; 0x8000f7 <__data_end+0x3>
					LCD_voidClearScreen();
     448:	0e 94 26 06 	call	0xc4c	; 0xc4c <LCD_voidClearScreen>
					positions();
     44c:	0e 94 ac 00 	call	0x158	; 0x158 <positions>
     450:	2e cf       	rjmp	.-420    	; 0x2ae <App+0x90>
					
				}
				else if (button_u8read(DIO_PORTC,DIO_PIN5)==1)
     452:	65 e0       	ldi	r22, 0x05	; 5
     454:	82 e0       	ldi	r24, 0x02	; 2
     456:	0e 94 3c 03 	call	0x678	; 0x678 <button_u8read>
     45a:	81 30       	cpi	r24, 0x01	; 1
     45c:	09 f0       	breq	.+2      	; 0x460 <__stack+0x1>
     45e:	27 cf       	rjmp	.-434    	; 0x2ae <App+0x90>
				{
					if (total_counter == 0)
     460:	cd 2b       	or	r28, r29
     462:	91 f4       	brne	.+36     	; 0x488 <__stack+0x29>
					{
						LCD_voidClearScreen();
     464:	0e 94 26 06 	call	0xc4c	; 0xc4c <LCD_voidClearScreen>
						LCD_voidSendString("No votes yet!");
     468:	83 eb       	ldi	r24, 0xB3	; 179
     46a:	90 e0       	ldi	r25, 0x00	; 0
     46c:	0e 94 13 06 	call	0xc26	; 0xc26 <LCD_voidSendString>
     470:	2f ef       	ldi	r18, 0xFF	; 255
     472:	80 e7       	ldi	r24, 0x70	; 112
     474:	92 e0       	ldi	r25, 0x02	; 2
     476:	21 50       	subi	r18, 0x01	; 1
     478:	80 40       	sbci	r24, 0x00	; 0
     47a:	90 40       	sbci	r25, 0x00	; 0
     47c:	e1 f7       	brne	.-8      	; 0x476 <__stack+0x17>
     47e:	00 c0       	rjmp	.+0      	; 0x480 <__stack+0x21>
     480:	00 00       	nop
						_delay_ms(50);
						LCD_voidClearScreen();
     482:	0e 94 26 06 	call	0xc4c	; 0xc4c <LCD_voidClearScreen>
     486:	13 cf       	rjmp	.-474    	; 0x2ae <App+0x90>
					}
					else
					{
						LCD_voidClearScreen();
     488:	0e 94 26 06 	call	0xc4c	; 0xc4c <LCD_voidClearScreen>

						LCD_voidSetPosition(1, 1);
     48c:	61 e0       	ldi	r22, 0x01	; 1
     48e:	81 e0       	ldi	r24, 0x01	; 1
     490:	0e 94 79 07 	call	0xef2	; 0xef2 <LCD_voidSetPosition>

						LCD_voidSendString("A=");
     494:	84 e7       	ldi	r24, 0x74	; 116
     496:	90 e0       	ldi	r25, 0x00	; 0
     498:	0e 94 13 06 	call	0xc26	; 0xc26 <LCD_voidSendString>

						LCD_voidSetPosition(1,3);
     49c:	63 e0       	ldi	r22, 0x03	; 3
     49e:	81 e0       	ldi	r24, 0x01	; 1
     4a0:	0e 94 79 07 	call	0xef2	; 0xef2 <LCD_voidSetPosition>

						LCD_voidSendNumber((counter1/total_counter)*100);
     4a4:	b6 01       	movw	r22, r12
     4a6:	80 e0       	ldi	r24, 0x00	; 0
     4a8:	90 e0       	ldi	r25, 0x00	; 0
     4aa:	0e 94 d9 08 	call	0x11b2	; 0x11b2 <__floatunsisf>
     4ae:	6b 01       	movw	r12, r22
     4b0:	7c 01       	movw	r14, r24
     4b2:	9b 01       	movw	r18, r22
     4b4:	ac 01       	movw	r20, r24
     4b6:	60 91 00 01 	lds	r22, 0x0100	; 0x800100 <counter1>
     4ba:	70 91 01 01 	lds	r23, 0x0101	; 0x800101 <counter1+0x1>
     4be:	80 91 02 01 	lds	r24, 0x0102	; 0x800102 <counter1+0x2>
     4c2:	90 91 03 01 	lds	r25, 0x0103	; 0x800103 <counter1+0x3>
     4c6:	0e 94 fc 07 	call	0xff8	; 0xff8 <__divsf3>
     4ca:	20 e0       	ldi	r18, 0x00	; 0
     4cc:	30 e0       	ldi	r19, 0x00	; 0
     4ce:	48 ec       	ldi	r20, 0xC8	; 200
     4d0:	52 e4       	ldi	r21, 0x42	; 66
     4d2:	0e 94 77 09 	call	0x12ee	; 0x12ee <__mulsf3>
     4d6:	0e 94 73 08 	call	0x10e6	; 0x10e6 <__fixunssfdi>
     4da:	0e 94 6a 06 	call	0xcd4	; 0xcd4 <LCD_voidSendNumber>
						LCD_voidSendString("%");
     4de:	81 ec       	ldi	r24, 0xC1	; 193
     4e0:	90 e0       	ldi	r25, 0x00	; 0
     4e2:	0e 94 13 06 	call	0xc26	; 0xc26 <LCD_voidSendString>
						LCD_voidSetPosition(1, 10);
     4e6:	6a e0       	ldi	r22, 0x0A	; 10
     4e8:	81 e0       	ldi	r24, 0x01	; 1
     4ea:	0e 94 79 07 	call	0xef2	; 0xef2 <LCD_voidSetPosition>
						LCD_voidSendString("B=");
     4ee:	87 e7       	ldi	r24, 0x77	; 119
     4f0:	90 e0       	ldi	r25, 0x00	; 0
     4f2:	0e 94 13 06 	call	0xc26	; 0xc26 <LCD_voidSendString>
						LCD_voidSetPosition(1,12);
     4f6:	6c e0       	ldi	r22, 0x0C	; 12
     4f8:	81 e0       	ldi	r24, 0x01	; 1
     4fa:	0e 94 79 07 	call	0xef2	; 0xef2 <LCD_voidSetPosition>
						LCD_voidSendNumber((counter2/total_counter)*100);
     4fe:	a7 01       	movw	r20, r14
     500:	96 01       	movw	r18, r12
     502:	60 91 fc 00 	lds	r22, 0x00FC	; 0x8000fc <counter2>
     506:	70 91 fd 00 	lds	r23, 0x00FD	; 0x8000fd <counter2+0x1>
     50a:	80 91 fe 00 	lds	r24, 0x00FE	; 0x8000fe <counter2+0x2>
     50e:	90 91 ff 00 	lds	r25, 0x00FF	; 0x8000ff <counter2+0x3>
     512:	0e 94 fc 07 	call	0xff8	; 0xff8 <__divsf3>
     516:	20 e0       	ldi	r18, 0x00	; 0
     518:	30 e0       	ldi	r19, 0x00	; 0
     51a:	48 ec       	ldi	r20, 0xC8	; 200
     51c:	52 e4       	ldi	r21, 0x42	; 66
     51e:	0e 94 77 09 	call	0x12ee	; 0x12ee <__mulsf3>
     522:	0e 94 73 08 	call	0x10e6	; 0x10e6 <__fixunssfdi>
     526:	0e 94 6a 06 	call	0xcd4	; 0xcd4 <LCD_voidSendNumber>
						LCD_voidSendString("%");
     52a:	81 ec       	ldi	r24, 0xC1	; 193
     52c:	90 e0       	ldi	r25, 0x00	; 0
     52e:	0e 94 13 06 	call	0xc26	; 0xc26 <LCD_voidSendString>
						LCD_voidSetPosition(2, 1);
     532:	61 e0       	ldi	r22, 0x01	; 1
     534:	82 e0       	ldi	r24, 0x02	; 2
     536:	0e 94 79 07 	call	0xef2	; 0xef2 <LCD_voidSetPosition>
						LCD_voidSendString("C=");
     53a:	8a e7       	ldi	r24, 0x7A	; 122
     53c:	90 e0       	ldi	r25, 0x00	; 0
     53e:	0e 94 13 06 	call	0xc26	; 0xc26 <LCD_voidSendString>
						LCD_voidSetPosition(2,3);
     542:	63 e0       	ldi	r22, 0x03	; 3
     544:	82 e0       	ldi	r24, 0x02	; 2
     546:	0e 94 79 07 	call	0xef2	; 0xef2 <LCD_voidSetPosition>

						LCD_voidSendNumber((counter3/total_counter)*100);
     54a:	a7 01       	movw	r20, r14
     54c:	96 01       	movw	r18, r12
     54e:	60 91 f8 00 	lds	r22, 0x00F8	; 0x8000f8 <counter3>
     552:	70 91 f9 00 	lds	r23, 0x00F9	; 0x8000f9 <counter3+0x1>
     556:	80 91 fa 00 	lds	r24, 0x00FA	; 0x8000fa <counter3+0x2>
     55a:	90 91 fb 00 	lds	r25, 0x00FB	; 0x8000fb <counter3+0x3>
     55e:	0e 94 fc 07 	call	0xff8	; 0xff8 <__divsf3>
     562:	20 e0       	ldi	r18, 0x00	; 0
     564:	30 e0       	ldi	r19, 0x00	; 0
     566:	48 ec       	ldi	r20, 0xC8	; 200
     568:	52 e4       	ldi	r21, 0x42	; 66
     56a:	0e 94 77 09 	call	0x12ee	; 0x12ee <__mulsf3>
     56e:	0e 94 73 08 	call	0x10e6	; 0x10e6 <__fixunssfdi>
     572:	0e 94 6a 06 	call	0xcd4	; 0xcd4 <LCD_voidSendNumber>
						LCD_voidSendString("%");
     576:	81 ec       	ldi	r24, 0xC1	; 193
     578:	90 e0       	ldi	r25, 0x00	; 0
     57a:	0e 94 13 06 	call	0xc26	; 0xc26 <LCD_voidSendString>
						LCD_voidSetPosition(2, 10);
     57e:	6a e0       	ldi	r22, 0x0A	; 10
     580:	82 e0       	ldi	r24, 0x02	; 2
     582:	0e 94 79 07 	call	0xef2	; 0xef2 <LCD_voidSetPosition>
						LCD_voidSendString("D=");
     586:	8d e7       	ldi	r24, 0x7D	; 125
     588:	90 e0       	ldi	r25, 0x00	; 0
     58a:	0e 94 13 06 	call	0xc26	; 0xc26 <LCD_voidSendString>

						LCD_voidSetPosition(2,12);
     58e:	6c e0       	ldi	r22, 0x0C	; 12
     590:	82 e0       	ldi	r24, 0x02	; 2
     592:	0e 94 79 07 	call	0xef2	; 0xef2 <LCD_voidSetPosition>

						LCD_voidSendNumber((counter4/total_counter)*100);
     596:	a7 01       	movw	r20, r14
     598:	96 01       	movw	r18, r12
     59a:	60 91 f4 00 	lds	r22, 0x00F4	; 0x8000f4 <__data_end>
     59e:	70 91 f5 00 	lds	r23, 0x00F5	; 0x8000f5 <__data_end+0x1>
     5a2:	80 91 f6 00 	lds	r24, 0x00F6	; 0x8000f6 <__data_end+0x2>
     5a6:	90 91 f7 00 	lds	r25, 0x00F7	; 0x8000f7 <__data_end+0x3>
     5aa:	0e 94 fc 07 	call	0xff8	; 0xff8 <__divsf3>
     5ae:	20 e0       	ldi	r18, 0x00	; 0
     5b0:	30 e0       	ldi	r19, 0x00	; 0
     5b2:	48 ec       	ldi	r20, 0xC8	; 200
     5b4:	52 e4       	ldi	r21, 0x42	; 66
     5b6:	0e 94 77 09 	call	0x12ee	; 0x12ee <__mulsf3>
     5ba:	0e 94 73 08 	call	0x10e6	; 0x10e6 <__fixunssfdi>
     5be:	0e 94 6a 06 	call	0xcd4	; 0xcd4 <LCD_voidSendNumber>
						LCD_voidSendString("%");
     5c2:	81 ec       	ldi	r24, 0xC1	; 193
     5c4:	90 e0       	ldi	r25, 0x00	; 0
     5c6:	0e 94 13 06 	call	0xc26	; 0xc26 <LCD_voidSendString>
     5ca:	71 ce       	rjmp	.-798    	; 0x2ae <App+0x90>
			
			break;
		}
		else
		{
			Try--;
     5cc:	c1 50       	subi	r28, 0x01	; 1
			LCD_voidSetPosition(1, 1);
     5ce:	61 e0       	ldi	r22, 0x01	; 1
     5d0:	81 e0       	ldi	r24, 0x01	; 1
     5d2:	0e 94 79 07 	call	0xef2	; 0xef2 <LCD_voidSetPosition>
			LCD_voidSendString("Wrong PIN");
     5d6:	83 ec       	ldi	r24, 0xC3	; 195
     5d8:	90 e0       	ldi	r25, 0x00	; 0
     5da:	0e 94 13 06 	call	0xc26	; 0xc26 <LCD_voidSendString>
			LCD_voidSetPosition(2, 0);
     5de:	60 e0       	ldi	r22, 0x00	; 0
     5e0:	82 e0       	ldi	r24, 0x02	; 2
     5e2:	0e 94 79 07 	call	0xef2	; 0xef2 <LCD_voidSetPosition>
			LCD_voidSendString("you have ");
     5e6:	8d ec       	ldi	r24, 0xCD	; 205
     5e8:	90 e0       	ldi	r25, 0x00	; 0
     5ea:	0e 94 13 06 	call	0xc26	; 0xc26 <LCD_voidSendString>
			LCD_voidSendNumber(Try);
     5ee:	2c 2f       	mov	r18, r28
     5f0:	30 e0       	ldi	r19, 0x00	; 0
     5f2:	40 e0       	ldi	r20, 0x00	; 0
     5f4:	50 e0       	ldi	r21, 0x00	; 0
     5f6:	60 e0       	ldi	r22, 0x00	; 0
     5f8:	70 e0       	ldi	r23, 0x00	; 0
     5fa:	80 e0       	ldi	r24, 0x00	; 0
     5fc:	90 e0       	ldi	r25, 0x00	; 0
     5fe:	0e 94 6a 06 	call	0xcd4	; 0xcd4 <LCD_voidSendNumber>
			LCD_voidSendString(" tries");
     602:	87 ed       	ldi	r24, 0xD7	; 215
     604:	90 e0       	ldi	r25, 0x00	; 0
     606:	0e 94 13 06 	call	0xc26	; 0xc26 <LCD_voidSendString>
     60a:	2f ef       	ldi	r18, 0xFF	; 255
     60c:	81 ee       	ldi	r24, 0xE1	; 225
     60e:	94 e0       	ldi	r25, 0x04	; 4
     610:	21 50       	subi	r18, 0x01	; 1
     612:	80 40       	sbci	r24, 0x00	; 0
     614:	90 40       	sbci	r25, 0x00	; 0
     616:	e1 f7       	brne	.-8      	; 0x610 <__stack+0x1b1>
     618:	00 c0       	rjmp	.+0      	; 0x61a <__stack+0x1bb>
     61a:	00 00       	nop
			
			_delay_ms(100);
			
			LCD_voidClearScreen();
     61c:	0e 94 26 06 	call	0xc4c	; 0xc4c <LCD_voidClearScreen>
			
			if (Try == 0)
     620:	c1 11       	cpse	r28, r1
     622:	1b ce       	rjmp	.-970    	; 0x25a <App+0x3c>
     624:	25 c0       	rjmp	.+74     	; 0x670 <__stack+0x211>
			{
				Try=3;
				for (u8 i=9;i>0;i-- )
				{
					LCD_voidSetPosition(1, 1);
     626:	61 e0       	ldi	r22, 0x01	; 1
     628:	81 e0       	ldi	r24, 0x01	; 1
     62a:	0e 94 79 07 	call	0xef2	; 0xef2 <LCD_voidSetPosition>
					LCD_voidSendString("Please wait ");
     62e:	8e ed       	ldi	r24, 0xDE	; 222
     630:	90 e0       	ldi	r25, 0x00	; 0
     632:	0e 94 13 06 	call	0xc26	; 0xc26 <LCD_voidSendString>
					LCD_voidSetPosition(2, 2);
     636:	62 e0       	ldi	r22, 0x02	; 2
     638:	82 e0       	ldi	r24, 0x02	; 2
     63a:	0e 94 79 07 	call	0xef2	; 0xef2 <LCD_voidSetPosition>
					LCD_voidSendNumber(i);
     63e:	2c 2f       	mov	r18, r28
     640:	30 e0       	ldi	r19, 0x00	; 0
     642:	40 e0       	ldi	r20, 0x00	; 0
     644:	50 e0       	ldi	r21, 0x00	; 0
     646:	60 e0       	ldi	r22, 0x00	; 0
     648:	70 e0       	ldi	r23, 0x00	; 0
     64a:	80 e0       	ldi	r24, 0x00	; 0
     64c:	90 e0       	ldi	r25, 0x00	; 0
     64e:	0e 94 6a 06 	call	0xcd4	; 0xcd4 <LCD_voidSendNumber>
					LCD_voidSendString(" seconds");
     652:	8b ee       	ldi	r24, 0xEB	; 235
     654:	90 e0       	ldi	r25, 0x00	; 0
     656:	0e 94 13 06 	call	0xc26	; 0xc26 <LCD_voidSendString>
     65a:	2f ef       	ldi	r18, 0xFF	; 255
     65c:	80 e7       	ldi	r24, 0x70	; 112
     65e:	92 e0       	ldi	r25, 0x02	; 2
     660:	21 50       	subi	r18, 0x01	; 1
     662:	80 40       	sbci	r24, 0x00	; 0
     664:	90 40       	sbci	r25, 0x00	; 0
     666:	e1 f7       	brne	.-8      	; 0x660 <__stack+0x201>
     668:	00 c0       	rjmp	.+0      	; 0x66a <__stack+0x20b>
     66a:	00 00       	nop
			LCD_voidClearScreen();
			
			if (Try == 0)
			{
				Try=3;
				for (u8 i=9;i>0;i-- )
     66c:	c1 50       	subi	r28, 0x01	; 1
     66e:	01 c0       	rjmp	.+2      	; 0x672 <__stack+0x213>
     670:	c9 e0       	ldi	r28, 0x09	; 9
     672:	c1 11       	cpse	r28, r1
     674:	d8 cf       	rjmp	.-80     	; 0x626 <__stack+0x1c7>
     676:	f0 cd       	rjmp	.-1056   	; 0x258 <App+0x3a>

00000678 <button_u8read>:
#include "button.h"

u8 button_u8read(u8 portname,u8 pinnumber)
{
	unsigned char x;
	x=DIO_u8read(portname,pinnumber);
     678:	0e 94 ea 04 	call	0x9d4	; 0x9d4 <DIO_u8read>
	return x ;
}
     67c:	08 95       	ret

0000067e <DIO_u8SetPinDirection>:
	{
		Local_u8Result=DIO_NOK;
	}
	
	return Local_u8Result;
}
     67e:	84 30       	cpi	r24, 0x04	; 4
     680:	08 f0       	brcs	.+2      	; 0x684 <DIO_u8SetPinDirection+0x6>
     682:	7b c0       	rjmp	.+246    	; 0x77a <DIO_u8SetPinDirection+0xfc>
     684:	68 30       	cpi	r22, 0x08	; 8
     686:	08 f0       	brcs	.+2      	; 0x68a <DIO_u8SetPinDirection+0xc>
     688:	7a c0       	rjmp	.+244    	; 0x77e <DIO_u8SetPinDirection+0x100>
     68a:	41 30       	cpi	r20, 0x01	; 1
     68c:	c1 f5       	brne	.+112    	; 0x6fe <DIO_u8SetPinDirection+0x80>
     68e:	81 30       	cpi	r24, 0x01	; 1
     690:	91 f0       	breq	.+36     	; 0x6b6 <DIO_u8SetPinDirection+0x38>
     692:	28 f0       	brcs	.+10     	; 0x69e <DIO_u8SetPinDirection+0x20>
     694:	82 30       	cpi	r24, 0x02	; 2
     696:	d9 f0       	breq	.+54     	; 0x6ce <DIO_u8SetPinDirection+0x50>
     698:	83 30       	cpi	r24, 0x03	; 3
     69a:	29 f1       	breq	.+74     	; 0x6e6 <DIO_u8SetPinDirection+0x68>
     69c:	72 c0       	rjmp	.+228    	; 0x782 <DIO_u8SetPinDirection+0x104>
     69e:	2a b3       	in	r18, 0x1a	; 26
     6a0:	81 e0       	ldi	r24, 0x01	; 1
     6a2:	90 e0       	ldi	r25, 0x00	; 0
     6a4:	02 c0       	rjmp	.+4      	; 0x6aa <DIO_u8SetPinDirection+0x2c>
     6a6:	88 0f       	add	r24, r24
     6a8:	99 1f       	adc	r25, r25
     6aa:	6a 95       	dec	r22
     6ac:	e2 f7       	brpl	.-8      	; 0x6a6 <DIO_u8SetPinDirection+0x28>
     6ae:	82 2b       	or	r24, r18
     6b0:	8a bb       	out	0x1a, r24	; 26
     6b2:	81 e0       	ldi	r24, 0x01	; 1
     6b4:	08 95       	ret
     6b6:	27 b3       	in	r18, 0x17	; 23
     6b8:	81 e0       	ldi	r24, 0x01	; 1
     6ba:	90 e0       	ldi	r25, 0x00	; 0
     6bc:	02 c0       	rjmp	.+4      	; 0x6c2 <DIO_u8SetPinDirection+0x44>
     6be:	88 0f       	add	r24, r24
     6c0:	99 1f       	adc	r25, r25
     6c2:	6a 95       	dec	r22
     6c4:	e2 f7       	brpl	.-8      	; 0x6be <DIO_u8SetPinDirection+0x40>
     6c6:	82 2b       	or	r24, r18
     6c8:	87 bb       	out	0x17, r24	; 23
     6ca:	81 e0       	ldi	r24, 0x01	; 1
     6cc:	08 95       	ret
     6ce:	24 b3       	in	r18, 0x14	; 20
     6d0:	81 e0       	ldi	r24, 0x01	; 1
     6d2:	90 e0       	ldi	r25, 0x00	; 0
     6d4:	02 c0       	rjmp	.+4      	; 0x6da <DIO_u8SetPinDirection+0x5c>
     6d6:	88 0f       	add	r24, r24
     6d8:	99 1f       	adc	r25, r25
     6da:	6a 95       	dec	r22
     6dc:	e2 f7       	brpl	.-8      	; 0x6d6 <DIO_u8SetPinDirection+0x58>
     6de:	82 2b       	or	r24, r18
     6e0:	84 bb       	out	0x14, r24	; 20
     6e2:	81 e0       	ldi	r24, 0x01	; 1
     6e4:	08 95       	ret
     6e6:	21 b3       	in	r18, 0x11	; 17
     6e8:	81 e0       	ldi	r24, 0x01	; 1
     6ea:	90 e0       	ldi	r25, 0x00	; 0
     6ec:	02 c0       	rjmp	.+4      	; 0x6f2 <DIO_u8SetPinDirection+0x74>
     6ee:	88 0f       	add	r24, r24
     6f0:	99 1f       	adc	r25, r25
     6f2:	6a 95       	dec	r22
     6f4:	e2 f7       	brpl	.-8      	; 0x6ee <DIO_u8SetPinDirection+0x70>
     6f6:	82 2b       	or	r24, r18
     6f8:	81 bb       	out	0x11, r24	; 17
     6fa:	81 e0       	ldi	r24, 0x01	; 1
     6fc:	08 95       	ret
     6fe:	41 11       	cpse	r20, r1
     700:	42 c0       	rjmp	.+132    	; 0x786 <DIO_u8SetPinDirection+0x108>
     702:	81 30       	cpi	r24, 0x01	; 1
     704:	99 f0       	breq	.+38     	; 0x72c <DIO_u8SetPinDirection+0xae>
     706:	28 f0       	brcs	.+10     	; 0x712 <DIO_u8SetPinDirection+0x94>
     708:	82 30       	cpi	r24, 0x02	; 2
     70a:	e9 f0       	breq	.+58     	; 0x746 <DIO_u8SetPinDirection+0xc8>
     70c:	83 30       	cpi	r24, 0x03	; 3
     70e:	41 f1       	breq	.+80     	; 0x760 <DIO_u8SetPinDirection+0xe2>
     710:	3c c0       	rjmp	.+120    	; 0x78a <DIO_u8SetPinDirection+0x10c>
     712:	2a b3       	in	r18, 0x1a	; 26
     714:	81 e0       	ldi	r24, 0x01	; 1
     716:	90 e0       	ldi	r25, 0x00	; 0
     718:	02 c0       	rjmp	.+4      	; 0x71e <DIO_u8SetPinDirection+0xa0>
     71a:	88 0f       	add	r24, r24
     71c:	99 1f       	adc	r25, r25
     71e:	6a 95       	dec	r22
     720:	e2 f7       	brpl	.-8      	; 0x71a <DIO_u8SetPinDirection+0x9c>
     722:	80 95       	com	r24
     724:	82 23       	and	r24, r18
     726:	8a bb       	out	0x1a, r24	; 26
     728:	81 e0       	ldi	r24, 0x01	; 1
     72a:	08 95       	ret
     72c:	27 b3       	in	r18, 0x17	; 23
     72e:	81 e0       	ldi	r24, 0x01	; 1
     730:	90 e0       	ldi	r25, 0x00	; 0
     732:	02 c0       	rjmp	.+4      	; 0x738 <DIO_u8SetPinDirection+0xba>
     734:	88 0f       	add	r24, r24
     736:	99 1f       	adc	r25, r25
     738:	6a 95       	dec	r22
     73a:	e2 f7       	brpl	.-8      	; 0x734 <DIO_u8SetPinDirection+0xb6>
     73c:	80 95       	com	r24
     73e:	82 23       	and	r24, r18
     740:	87 bb       	out	0x17, r24	; 23
     742:	81 e0       	ldi	r24, 0x01	; 1
     744:	08 95       	ret
     746:	24 b3       	in	r18, 0x14	; 20
     748:	81 e0       	ldi	r24, 0x01	; 1
     74a:	90 e0       	ldi	r25, 0x00	; 0
     74c:	02 c0       	rjmp	.+4      	; 0x752 <DIO_u8SetPinDirection+0xd4>
     74e:	88 0f       	add	r24, r24
     750:	99 1f       	adc	r25, r25
     752:	6a 95       	dec	r22
     754:	e2 f7       	brpl	.-8      	; 0x74e <DIO_u8SetPinDirection+0xd0>
     756:	80 95       	com	r24
     758:	82 23       	and	r24, r18
     75a:	84 bb       	out	0x14, r24	; 20
     75c:	81 e0       	ldi	r24, 0x01	; 1
     75e:	08 95       	ret
     760:	21 b3       	in	r18, 0x11	; 17
     762:	81 e0       	ldi	r24, 0x01	; 1
     764:	90 e0       	ldi	r25, 0x00	; 0
     766:	02 c0       	rjmp	.+4      	; 0x76c <DIO_u8SetPinDirection+0xee>
     768:	88 0f       	add	r24, r24
     76a:	99 1f       	adc	r25, r25
     76c:	6a 95       	dec	r22
     76e:	e2 f7       	brpl	.-8      	; 0x768 <DIO_u8SetPinDirection+0xea>
     770:	80 95       	com	r24
     772:	82 23       	and	r24, r18
     774:	81 bb       	out	0x11, r24	; 17
     776:	81 e0       	ldi	r24, 0x01	; 1
     778:	08 95       	ret
     77a:	80 e0       	ldi	r24, 0x00	; 0
     77c:	08 95       	ret
     77e:	80 e0       	ldi	r24, 0x00	; 0
     780:	08 95       	ret
     782:	81 e0       	ldi	r24, 0x01	; 1
     784:	08 95       	ret
     786:	80 e0       	ldi	r24, 0x00	; 0
     788:	08 95       	ret
     78a:	81 e0       	ldi	r24, 0x01	; 1
     78c:	08 95       	ret

0000078e <DIO_u8SetPinValue>:
     78e:	84 30       	cpi	r24, 0x04	; 4
     790:	08 f0       	brcs	.+2      	; 0x794 <DIO_u8SetPinValue+0x6>
     792:	7b c0       	rjmp	.+246    	; 0x88a <DIO_u8SetPinValue+0xfc>
     794:	68 30       	cpi	r22, 0x08	; 8
     796:	08 f0       	brcs	.+2      	; 0x79a <DIO_u8SetPinValue+0xc>
     798:	7a c0       	rjmp	.+244    	; 0x88e <DIO_u8SetPinValue+0x100>
     79a:	41 30       	cpi	r20, 0x01	; 1
     79c:	c1 f5       	brne	.+112    	; 0x80e <DIO_u8SetPinValue+0x80>
     79e:	81 30       	cpi	r24, 0x01	; 1
     7a0:	91 f0       	breq	.+36     	; 0x7c6 <DIO_u8SetPinValue+0x38>
     7a2:	28 f0       	brcs	.+10     	; 0x7ae <DIO_u8SetPinValue+0x20>
     7a4:	82 30       	cpi	r24, 0x02	; 2
     7a6:	d9 f0       	breq	.+54     	; 0x7de <DIO_u8SetPinValue+0x50>
     7a8:	83 30       	cpi	r24, 0x03	; 3
     7aa:	29 f1       	breq	.+74     	; 0x7f6 <DIO_u8SetPinValue+0x68>
     7ac:	72 c0       	rjmp	.+228    	; 0x892 <DIO_u8SetPinValue+0x104>
     7ae:	2b b3       	in	r18, 0x1b	; 27
     7b0:	81 e0       	ldi	r24, 0x01	; 1
     7b2:	90 e0       	ldi	r25, 0x00	; 0
     7b4:	02 c0       	rjmp	.+4      	; 0x7ba <DIO_u8SetPinValue+0x2c>
     7b6:	88 0f       	add	r24, r24
     7b8:	99 1f       	adc	r25, r25
     7ba:	6a 95       	dec	r22
     7bc:	e2 f7       	brpl	.-8      	; 0x7b6 <DIO_u8SetPinValue+0x28>
     7be:	82 2b       	or	r24, r18
     7c0:	8b bb       	out	0x1b, r24	; 27
     7c2:	81 e0       	ldi	r24, 0x01	; 1
     7c4:	08 95       	ret
     7c6:	28 b3       	in	r18, 0x18	; 24
     7c8:	81 e0       	ldi	r24, 0x01	; 1
     7ca:	90 e0       	ldi	r25, 0x00	; 0
     7cc:	02 c0       	rjmp	.+4      	; 0x7d2 <DIO_u8SetPinValue+0x44>
     7ce:	88 0f       	add	r24, r24
     7d0:	99 1f       	adc	r25, r25
     7d2:	6a 95       	dec	r22
     7d4:	e2 f7       	brpl	.-8      	; 0x7ce <DIO_u8SetPinValue+0x40>
     7d6:	82 2b       	or	r24, r18
     7d8:	88 bb       	out	0x18, r24	; 24
     7da:	81 e0       	ldi	r24, 0x01	; 1
     7dc:	08 95       	ret
     7de:	25 b3       	in	r18, 0x15	; 21
     7e0:	81 e0       	ldi	r24, 0x01	; 1
     7e2:	90 e0       	ldi	r25, 0x00	; 0
     7e4:	02 c0       	rjmp	.+4      	; 0x7ea <DIO_u8SetPinValue+0x5c>
     7e6:	88 0f       	add	r24, r24
     7e8:	99 1f       	adc	r25, r25
     7ea:	6a 95       	dec	r22
     7ec:	e2 f7       	brpl	.-8      	; 0x7e6 <DIO_u8SetPinValue+0x58>
     7ee:	82 2b       	or	r24, r18
     7f0:	85 bb       	out	0x15, r24	; 21
     7f2:	81 e0       	ldi	r24, 0x01	; 1
     7f4:	08 95       	ret
     7f6:	22 b3       	in	r18, 0x12	; 18
     7f8:	81 e0       	ldi	r24, 0x01	; 1
     7fa:	90 e0       	ldi	r25, 0x00	; 0
     7fc:	02 c0       	rjmp	.+4      	; 0x802 <DIO_u8SetPinValue+0x74>
     7fe:	88 0f       	add	r24, r24
     800:	99 1f       	adc	r25, r25
     802:	6a 95       	dec	r22
     804:	e2 f7       	brpl	.-8      	; 0x7fe <DIO_u8SetPinValue+0x70>
     806:	82 2b       	or	r24, r18
     808:	82 bb       	out	0x12, r24	; 18
     80a:	81 e0       	ldi	r24, 0x01	; 1
     80c:	08 95       	ret
     80e:	41 11       	cpse	r20, r1
     810:	42 c0       	rjmp	.+132    	; 0x896 <DIO_u8SetPinValue+0x108>
     812:	81 30       	cpi	r24, 0x01	; 1
     814:	99 f0       	breq	.+38     	; 0x83c <DIO_u8SetPinValue+0xae>
     816:	28 f0       	brcs	.+10     	; 0x822 <DIO_u8SetPinValue+0x94>
     818:	82 30       	cpi	r24, 0x02	; 2
     81a:	e9 f0       	breq	.+58     	; 0x856 <DIO_u8SetPinValue+0xc8>
     81c:	83 30       	cpi	r24, 0x03	; 3
     81e:	41 f1       	breq	.+80     	; 0x870 <DIO_u8SetPinValue+0xe2>
     820:	3c c0       	rjmp	.+120    	; 0x89a <DIO_u8SetPinValue+0x10c>
     822:	2b b3       	in	r18, 0x1b	; 27
     824:	81 e0       	ldi	r24, 0x01	; 1
     826:	90 e0       	ldi	r25, 0x00	; 0
     828:	02 c0       	rjmp	.+4      	; 0x82e <DIO_u8SetPinValue+0xa0>
     82a:	88 0f       	add	r24, r24
     82c:	99 1f       	adc	r25, r25
     82e:	6a 95       	dec	r22
     830:	e2 f7       	brpl	.-8      	; 0x82a <DIO_u8SetPinValue+0x9c>
     832:	80 95       	com	r24
     834:	82 23       	and	r24, r18
     836:	8b bb       	out	0x1b, r24	; 27
     838:	81 e0       	ldi	r24, 0x01	; 1
     83a:	08 95       	ret
     83c:	28 b3       	in	r18, 0x18	; 24
     83e:	81 e0       	ldi	r24, 0x01	; 1
     840:	90 e0       	ldi	r25, 0x00	; 0
     842:	02 c0       	rjmp	.+4      	; 0x848 <DIO_u8SetPinValue+0xba>
     844:	88 0f       	add	r24, r24
     846:	99 1f       	adc	r25, r25
     848:	6a 95       	dec	r22
     84a:	e2 f7       	brpl	.-8      	; 0x844 <DIO_u8SetPinValue+0xb6>
     84c:	80 95       	com	r24
     84e:	82 23       	and	r24, r18
     850:	88 bb       	out	0x18, r24	; 24
     852:	81 e0       	ldi	r24, 0x01	; 1
     854:	08 95       	ret
     856:	25 b3       	in	r18, 0x15	; 21
     858:	81 e0       	ldi	r24, 0x01	; 1
     85a:	90 e0       	ldi	r25, 0x00	; 0
     85c:	02 c0       	rjmp	.+4      	; 0x862 <DIO_u8SetPinValue+0xd4>
     85e:	88 0f       	add	r24, r24
     860:	99 1f       	adc	r25, r25
     862:	6a 95       	dec	r22
     864:	e2 f7       	brpl	.-8      	; 0x85e <DIO_u8SetPinValue+0xd0>
     866:	80 95       	com	r24
     868:	82 23       	and	r24, r18
     86a:	85 bb       	out	0x15, r24	; 21
     86c:	81 e0       	ldi	r24, 0x01	; 1
     86e:	08 95       	ret
     870:	22 b3       	in	r18, 0x12	; 18
     872:	81 e0       	ldi	r24, 0x01	; 1
     874:	90 e0       	ldi	r25, 0x00	; 0
     876:	02 c0       	rjmp	.+4      	; 0x87c <DIO_u8SetPinValue+0xee>
     878:	88 0f       	add	r24, r24
     87a:	99 1f       	adc	r25, r25
     87c:	6a 95       	dec	r22
     87e:	e2 f7       	brpl	.-8      	; 0x878 <DIO_u8SetPinValue+0xea>
     880:	80 95       	com	r24
     882:	82 23       	and	r24, r18
     884:	82 bb       	out	0x12, r24	; 18
     886:	81 e0       	ldi	r24, 0x01	; 1
     888:	08 95       	ret
     88a:	80 e0       	ldi	r24, 0x00	; 0
     88c:	08 95       	ret
     88e:	80 e0       	ldi	r24, 0x00	; 0
     890:	08 95       	ret
     892:	81 e0       	ldi	r24, 0x01	; 1
     894:	08 95       	ret
     896:	80 e0       	ldi	r24, 0x00	; 0
     898:	08 95       	ret
     89a:	81 e0       	ldi	r24, 0x01	; 1
     89c:	08 95       	ret

0000089e <DIO_u8GetPinValue>:
     89e:	84 30       	cpi	r24, 0x04	; 4
     8a0:	e8 f5       	brcc	.+122    	; 0x91c <DIO_u8GetPinValue+0x7e>
     8a2:	68 30       	cpi	r22, 0x08	; 8
     8a4:	e8 f5       	brcc	.+122    	; 0x920 <DIO_u8GetPinValue+0x82>
     8a6:	41 15       	cp	r20, r1
     8a8:	51 05       	cpc	r21, r1
     8aa:	e1 f1       	breq	.+120    	; 0x924 <DIO_u8GetPinValue+0x86>
     8ac:	81 30       	cpi	r24, 0x01	; 1
     8ae:	91 f0       	breq	.+36     	; 0x8d4 <DIO_u8GetPinValue+0x36>
     8b0:	28 f0       	brcs	.+10     	; 0x8bc <DIO_u8GetPinValue+0x1e>
     8b2:	82 30       	cpi	r24, 0x02	; 2
     8b4:	d9 f0       	breq	.+54     	; 0x8ec <DIO_u8GetPinValue+0x4e>
     8b6:	83 30       	cpi	r24, 0x03	; 3
     8b8:	29 f1       	breq	.+74     	; 0x904 <DIO_u8GetPinValue+0x66>
     8ba:	36 c0       	rjmp	.+108    	; 0x928 <DIO_u8GetPinValue+0x8a>
     8bc:	89 b3       	in	r24, 0x19	; 25
     8be:	90 e0       	ldi	r25, 0x00	; 0
     8c0:	02 c0       	rjmp	.+4      	; 0x8c6 <DIO_u8GetPinValue+0x28>
     8c2:	95 95       	asr	r25
     8c4:	87 95       	ror	r24
     8c6:	6a 95       	dec	r22
     8c8:	e2 f7       	brpl	.-8      	; 0x8c2 <DIO_u8GetPinValue+0x24>
     8ca:	81 70       	andi	r24, 0x01	; 1
     8cc:	fa 01       	movw	r30, r20
     8ce:	80 83       	st	Z, r24
     8d0:	81 e0       	ldi	r24, 0x01	; 1
     8d2:	08 95       	ret
     8d4:	86 b3       	in	r24, 0x16	; 22
     8d6:	90 e0       	ldi	r25, 0x00	; 0
     8d8:	02 c0       	rjmp	.+4      	; 0x8de <DIO_u8GetPinValue+0x40>
     8da:	95 95       	asr	r25
     8dc:	87 95       	ror	r24
     8de:	6a 95       	dec	r22
     8e0:	e2 f7       	brpl	.-8      	; 0x8da <DIO_u8GetPinValue+0x3c>
     8e2:	81 70       	andi	r24, 0x01	; 1
     8e4:	fa 01       	movw	r30, r20
     8e6:	80 83       	st	Z, r24
     8e8:	81 e0       	ldi	r24, 0x01	; 1
     8ea:	08 95       	ret
     8ec:	83 b3       	in	r24, 0x13	; 19
     8ee:	90 e0       	ldi	r25, 0x00	; 0
     8f0:	02 c0       	rjmp	.+4      	; 0x8f6 <DIO_u8GetPinValue+0x58>
     8f2:	95 95       	asr	r25
     8f4:	87 95       	ror	r24
     8f6:	6a 95       	dec	r22
     8f8:	e2 f7       	brpl	.-8      	; 0x8f2 <DIO_u8GetPinValue+0x54>
     8fa:	81 70       	andi	r24, 0x01	; 1
     8fc:	fa 01       	movw	r30, r20
     8fe:	80 83       	st	Z, r24
     900:	81 e0       	ldi	r24, 0x01	; 1
     902:	08 95       	ret
     904:	80 b3       	in	r24, 0x10	; 16
     906:	90 e0       	ldi	r25, 0x00	; 0
     908:	02 c0       	rjmp	.+4      	; 0x90e <DIO_u8GetPinValue+0x70>
     90a:	95 95       	asr	r25
     90c:	87 95       	ror	r24
     90e:	6a 95       	dec	r22
     910:	e2 f7       	brpl	.-8      	; 0x90a <DIO_u8GetPinValue+0x6c>
     912:	81 70       	andi	r24, 0x01	; 1
     914:	fa 01       	movw	r30, r20
     916:	80 83       	st	Z, r24
     918:	81 e0       	ldi	r24, 0x01	; 1
     91a:	08 95       	ret
     91c:	80 e0       	ldi	r24, 0x00	; 0
     91e:	08 95       	ret
     920:	80 e0       	ldi	r24, 0x00	; 0
     922:	08 95       	ret
     924:	80 e0       	ldi	r24, 0x00	; 0
     926:	08 95       	ret
     928:	81 e0       	ldi	r24, 0x01	; 1
     92a:	08 95       	ret

0000092c <DIO_u8SetPortDirection>:
     92c:	84 30       	cpi	r24, 0x04	; 4
     92e:	80 f5       	brcc	.+96     	; 0x990 <DIO_u8SetPortDirection+0x64>
     930:	61 30       	cpi	r22, 0x01	; 1
     932:	c1 f4       	brne	.+48     	; 0x964 <DIO_u8SetPortDirection+0x38>
     934:	81 30       	cpi	r24, 0x01	; 1
     936:	51 f0       	breq	.+20     	; 0x94c <DIO_u8SetPortDirection+0x20>
     938:	28 f0       	brcs	.+10     	; 0x944 <DIO_u8SetPortDirection+0x18>
     93a:	82 30       	cpi	r24, 0x02	; 2
     93c:	59 f0       	breq	.+22     	; 0x954 <DIO_u8SetPortDirection+0x28>
     93e:	83 30       	cpi	r24, 0x03	; 3
     940:	69 f0       	breq	.+26     	; 0x95c <DIO_u8SetPortDirection+0x30>
     942:	28 c0       	rjmp	.+80     	; 0x994 <DIO_u8SetPortDirection+0x68>
     944:	8f ef       	ldi	r24, 0xFF	; 255
     946:	8a bb       	out	0x1a, r24	; 26
     948:	81 e0       	ldi	r24, 0x01	; 1
     94a:	08 95       	ret
     94c:	8f ef       	ldi	r24, 0xFF	; 255
     94e:	87 bb       	out	0x17, r24	; 23
     950:	81 e0       	ldi	r24, 0x01	; 1
     952:	08 95       	ret
     954:	8f ef       	ldi	r24, 0xFF	; 255
     956:	84 bb       	out	0x14, r24	; 20
     958:	81 e0       	ldi	r24, 0x01	; 1
     95a:	08 95       	ret
     95c:	8f ef       	ldi	r24, 0xFF	; 255
     95e:	81 bb       	out	0x11, r24	; 17
     960:	81 e0       	ldi	r24, 0x01	; 1
     962:	08 95       	ret
     964:	61 11       	cpse	r22, r1
     966:	18 c0       	rjmp	.+48     	; 0x998 <DIO_u8SetPortDirection+0x6c>
     968:	81 30       	cpi	r24, 0x01	; 1
     96a:	49 f0       	breq	.+18     	; 0x97e <DIO_u8SetPortDirection+0x52>
     96c:	28 f0       	brcs	.+10     	; 0x978 <DIO_u8SetPortDirection+0x4c>
     96e:	82 30       	cpi	r24, 0x02	; 2
     970:	49 f0       	breq	.+18     	; 0x984 <DIO_u8SetPortDirection+0x58>
     972:	83 30       	cpi	r24, 0x03	; 3
     974:	51 f0       	breq	.+20     	; 0x98a <DIO_u8SetPortDirection+0x5e>
     976:	12 c0       	rjmp	.+36     	; 0x99c <DIO_u8SetPortDirection+0x70>
     978:	1a ba       	out	0x1a, r1	; 26
     97a:	81 e0       	ldi	r24, 0x01	; 1
     97c:	08 95       	ret
     97e:	17 ba       	out	0x17, r1	; 23
     980:	81 e0       	ldi	r24, 0x01	; 1
     982:	08 95       	ret
     984:	14 ba       	out	0x14, r1	; 20
     986:	81 e0       	ldi	r24, 0x01	; 1
     988:	08 95       	ret
     98a:	11 ba       	out	0x11, r1	; 17
     98c:	81 e0       	ldi	r24, 0x01	; 1
     98e:	08 95       	ret
     990:	80 e0       	ldi	r24, 0x00	; 0
     992:	08 95       	ret
     994:	81 e0       	ldi	r24, 0x01	; 1
     996:	08 95       	ret
     998:	80 e0       	ldi	r24, 0x00	; 0
     99a:	08 95       	ret
     99c:	81 e0       	ldi	r24, 0x01	; 1
     99e:	08 95       	ret

000009a0 <DIO_u8SetPortValue>:
     9a0:	84 30       	cpi	r24, 0x04	; 4
     9a2:	a0 f4       	brcc	.+40     	; 0x9cc <DIO_u8SetPortValue+0x2c>
     9a4:	81 30       	cpi	r24, 0x01	; 1
     9a6:	49 f0       	breq	.+18     	; 0x9ba <DIO_u8SetPortValue+0x1a>
     9a8:	28 f0       	brcs	.+10     	; 0x9b4 <DIO_u8SetPortValue+0x14>
     9aa:	82 30       	cpi	r24, 0x02	; 2
     9ac:	49 f0       	breq	.+18     	; 0x9c0 <DIO_u8SetPortValue+0x20>
     9ae:	83 30       	cpi	r24, 0x03	; 3
     9b0:	51 f0       	breq	.+20     	; 0x9c6 <DIO_u8SetPortValue+0x26>
     9b2:	0e c0       	rjmp	.+28     	; 0x9d0 <DIO_u8SetPortValue+0x30>
     9b4:	6b bb       	out	0x1b, r22	; 27
     9b6:	81 e0       	ldi	r24, 0x01	; 1
     9b8:	08 95       	ret
     9ba:	68 bb       	out	0x18, r22	; 24
     9bc:	81 e0       	ldi	r24, 0x01	; 1
     9be:	08 95       	ret
     9c0:	65 bb       	out	0x15, r22	; 21
     9c2:	81 e0       	ldi	r24, 0x01	; 1
     9c4:	08 95       	ret
     9c6:	62 bb       	out	0x12, r22	; 18
     9c8:	81 e0       	ldi	r24, 0x01	; 1
     9ca:	08 95       	ret
     9cc:	80 e0       	ldi	r24, 0x00	; 0
     9ce:	08 95       	ret
     9d0:	80 e0       	ldi	r24, 0x00	; 0
     9d2:	08 95       	ret

000009d4 <DIO_u8read>:
u8 DIO_u8read(u8 Copy_u8PORT,u8 Copy_u8PIN)
{
	u8 return_value=0;
	switch(Copy_u8PORT)
     9d4:	81 30       	cpi	r24, 0x01	; 1
     9d6:	79 f0       	breq	.+30     	; 0x9f6 <DIO_u8read+0x22>
     9d8:	28 f0       	brcs	.+10     	; 0x9e4 <DIO_u8read+0x10>
     9da:	82 30       	cpi	r24, 0x02	; 2
     9dc:	a9 f0       	breq	.+42     	; 0xa08 <DIO_u8read+0x34>
     9de:	83 30       	cpi	r24, 0x03	; 3
     9e0:	e1 f0       	breq	.+56     	; 0xa1a <DIO_u8read+0x46>
     9e2:	24 c0       	rjmp	.+72     	; 0xa2c <DIO_u8read+0x58>
	{
		case DIO_PORTA :
		return_value=GET_BIT(PINA,Copy_u8PIN);//Read the value from the given pin in port A
     9e4:	89 b3       	in	r24, 0x19	; 25
     9e6:	90 e0       	ldi	r25, 0x00	; 0
     9e8:	02 c0       	rjmp	.+4      	; 0x9ee <DIO_u8read+0x1a>
     9ea:	95 95       	asr	r25
     9ec:	87 95       	ror	r24
     9ee:	6a 95       	dec	r22
     9f0:	e2 f7       	brpl	.-8      	; 0x9ea <DIO_u8read+0x16>
     9f2:	81 70       	andi	r24, 0x01	; 1
		break;
     9f4:	08 95       	ret
		
		case DIO_PORTB :
		return_value=GET_BIT(PINB,Copy_u8PIN);//Read the value from the given pin in port B
     9f6:	86 b3       	in	r24, 0x16	; 22
     9f8:	90 e0       	ldi	r25, 0x00	; 0
     9fa:	02 c0       	rjmp	.+4      	; 0xa00 <DIO_u8read+0x2c>
     9fc:	95 95       	asr	r25
     9fe:	87 95       	ror	r24
     a00:	6a 95       	dec	r22
     a02:	e2 f7       	brpl	.-8      	; 0x9fc <DIO_u8read+0x28>
     a04:	81 70       	andi	r24, 0x01	; 1
		break;
     a06:	08 95       	ret
		
		case DIO_PORTC :
		return_value=GET_BIT(PINC,Copy_u8PIN);//Read the value from the given pin in port C
     a08:	83 b3       	in	r24, 0x13	; 19
     a0a:	90 e0       	ldi	r25, 0x00	; 0
     a0c:	02 c0       	rjmp	.+4      	; 0xa12 <DIO_u8read+0x3e>
     a0e:	95 95       	asr	r25
     a10:	87 95       	ror	r24
     a12:	6a 95       	dec	r22
     a14:	e2 f7       	brpl	.-8      	; 0xa0e <DIO_u8read+0x3a>
     a16:	81 70       	andi	r24, 0x01	; 1
		break;
     a18:	08 95       	ret
		
		case DIO_PORTD :
		return_value=GET_BIT(PIND,Copy_u8PIN);//Read the value from the given pin in port D
     a1a:	80 b3       	in	r24, 0x10	; 16
     a1c:	90 e0       	ldi	r25, 0x00	; 0
     a1e:	02 c0       	rjmp	.+4      	; 0xa24 <DIO_u8read+0x50>
     a20:	95 95       	asr	r25
     a22:	87 95       	ror	r24
     a24:	6a 95       	dec	r22
     a26:	e2 f7       	brpl	.-8      	; 0xa20 <DIO_u8read+0x4c>
     a28:	81 70       	andi	r24, 0x01	; 1
		break;
     a2a:	08 95       	ret
	
	return Local_u8Result;
}
u8 DIO_u8read(u8 Copy_u8PORT,u8 Copy_u8PIN)
{
	u8 return_value=0;
     a2c:	80 e0       	ldi	r24, 0x00	; 0
		break;
		default:
		break;
	}
	return return_value ;
}
     a2e:	08 95       	ret

00000a30 <KPD_voidInit>:
#include "KPD_interface.h"
#include "KPD_config.h"

void KPD_voidInit(void)
{
	DIO_u8SetPinDirection( KPD_PORT , KPD_R0 , DIO_INPUT );
     a30:	40 e0       	ldi	r20, 0x00	; 0
     a32:	60 e0       	ldi	r22, 0x00	; 0
     a34:	83 e0       	ldi	r24, 0x03	; 3
     a36:	0e 94 3f 03 	call	0x67e	; 0x67e <DIO_u8SetPinDirection>
	DIO_u8SetPinDirection( KPD_PORT , KPD_R1 , DIO_INPUT );
     a3a:	40 e0       	ldi	r20, 0x00	; 0
     a3c:	61 e0       	ldi	r22, 0x01	; 1
     a3e:	83 e0       	ldi	r24, 0x03	; 3
     a40:	0e 94 3f 03 	call	0x67e	; 0x67e <DIO_u8SetPinDirection>
	DIO_u8SetPinDirection( KPD_PORT , KPD_R2 , DIO_INPUT );
     a44:	40 e0       	ldi	r20, 0x00	; 0
     a46:	62 e0       	ldi	r22, 0x02	; 2
     a48:	83 e0       	ldi	r24, 0x03	; 3
     a4a:	0e 94 3f 03 	call	0x67e	; 0x67e <DIO_u8SetPinDirection>
	DIO_u8SetPinDirection( KPD_PORT , KPD_R3 , DIO_INPUT );
     a4e:	40 e0       	ldi	r20, 0x00	; 0
     a50:	63 e0       	ldi	r22, 0x03	; 3
     a52:	83 e0       	ldi	r24, 0x03	; 3
     a54:	0e 94 3f 03 	call	0x67e	; 0x67e <DIO_u8SetPinDirection>

	DIO_u8SetPinValue( KPD_PORT , KPD_R0 , DIO_HIGH );
     a58:	41 e0       	ldi	r20, 0x01	; 1
     a5a:	60 e0       	ldi	r22, 0x00	; 0
     a5c:	83 e0       	ldi	r24, 0x03	; 3
     a5e:	0e 94 c7 03 	call	0x78e	; 0x78e <DIO_u8SetPinValue>
	DIO_u8SetPinValue( KPD_PORT , KPD_R1 , DIO_HIGH );
     a62:	41 e0       	ldi	r20, 0x01	; 1
     a64:	61 e0       	ldi	r22, 0x01	; 1
     a66:	83 e0       	ldi	r24, 0x03	; 3
     a68:	0e 94 c7 03 	call	0x78e	; 0x78e <DIO_u8SetPinValue>
	DIO_u8SetPinValue( KPD_PORT , KPD_R2 , DIO_HIGH );
     a6c:	41 e0       	ldi	r20, 0x01	; 1
     a6e:	62 e0       	ldi	r22, 0x02	; 2
     a70:	83 e0       	ldi	r24, 0x03	; 3
     a72:	0e 94 c7 03 	call	0x78e	; 0x78e <DIO_u8SetPinValue>
	DIO_u8SetPinValue( KPD_PORT , KPD_R3 , DIO_HIGH );
     a76:	41 e0       	ldi	r20, 0x01	; 1
     a78:	63 e0       	ldi	r22, 0x03	; 3
     a7a:	83 e0       	ldi	r24, 0x03	; 3
     a7c:	0e 94 c7 03 	call	0x78e	; 0x78e <DIO_u8SetPinValue>
	
	DIO_u8SetPinDirection( KPD_PORT , KPD_C0 , DIO_OUTPUT );
     a80:	41 e0       	ldi	r20, 0x01	; 1
     a82:	64 e0       	ldi	r22, 0x04	; 4
     a84:	83 e0       	ldi	r24, 0x03	; 3
     a86:	0e 94 3f 03 	call	0x67e	; 0x67e <DIO_u8SetPinDirection>
	DIO_u8SetPinDirection( KPD_PORT , KPD_C1 , DIO_OUTPUT );
     a8a:	41 e0       	ldi	r20, 0x01	; 1
     a8c:	65 e0       	ldi	r22, 0x05	; 5
     a8e:	83 e0       	ldi	r24, 0x03	; 3
     a90:	0e 94 3f 03 	call	0x67e	; 0x67e <DIO_u8SetPinDirection>
	DIO_u8SetPinDirection( KPD_PORT , KPD_C2 , DIO_OUTPUT );
     a94:	41 e0       	ldi	r20, 0x01	; 1
     a96:	66 e0       	ldi	r22, 0x06	; 6
     a98:	83 e0       	ldi	r24, 0x03	; 3
     a9a:	0e 94 3f 03 	call	0x67e	; 0x67e <DIO_u8SetPinDirection>
	DIO_u8SetPinDirection( KPD_PORT , KPD_C3 , DIO_OUTPUT );
     a9e:	41 e0       	ldi	r20, 0x01	; 1
     aa0:	67 e0       	ldi	r22, 0x07	; 7
     aa2:	83 e0       	ldi	r24, 0x03	; 3
     aa4:	0e 94 3f 03 	call	0x67e	; 0x67e <DIO_u8SetPinDirection>

	DIO_u8SetPinValue    ( KPD_PORT , KPD_C0 , DIO_HIGH );
     aa8:	41 e0       	ldi	r20, 0x01	; 1
     aaa:	64 e0       	ldi	r22, 0x04	; 4
     aac:	83 e0       	ldi	r24, 0x03	; 3
     aae:	0e 94 c7 03 	call	0x78e	; 0x78e <DIO_u8SetPinValue>
	DIO_u8SetPinValue    ( KPD_PORT , KPD_C1 , DIO_HIGH );
     ab2:	41 e0       	ldi	r20, 0x01	; 1
     ab4:	65 e0       	ldi	r22, 0x05	; 5
     ab6:	83 e0       	ldi	r24, 0x03	; 3
     ab8:	0e 94 c7 03 	call	0x78e	; 0x78e <DIO_u8SetPinValue>
	DIO_u8SetPinValue    ( KPD_PORT , KPD_C2 , DIO_HIGH );
     abc:	41 e0       	ldi	r20, 0x01	; 1
     abe:	66 e0       	ldi	r22, 0x06	; 6
     ac0:	83 e0       	ldi	r24, 0x03	; 3
     ac2:	0e 94 c7 03 	call	0x78e	; 0x78e <DIO_u8SetPinValue>
	DIO_u8SetPinValue    ( KPD_PORT , KPD_C3 , DIO_HIGH );
     ac6:	41 e0       	ldi	r20, 0x01	; 1
     ac8:	67 e0       	ldi	r22, 0x07	; 7
     aca:	83 e0       	ldi	r24, 0x03	; 3
     acc:	0e 94 c7 03 	call	0x78e	; 0x78e <DIO_u8SetPinValue>
     ad0:	08 95       	ret

00000ad2 <KPD_u8GetPressed>:
}
   u8 KPD_u8GetPressed(void)
{
     ad2:	ff 92       	push	r15
     ad4:	0f 93       	push	r16
     ad6:	1f 93       	push	r17
     ad8:	cf 93       	push	r28
     ada:	df 93       	push	r29
     adc:	1f 92       	push	r1
     ade:	cd b7       	in	r28, 0x3d	; 61
     ae0:	de b7       	in	r29, 0x3e	; 62
	u8 LOC_u8ReturnData = NotPressed;
	u8 LOC_u8GetPressed;
	u8 LOC_u8Row, LOC_u8Col;

	for(LOC_u8Col = 0 + KPD_COL_INIT; LOC_u8Col < KPD_COL_END + 1; LOC_u8Col++)
     ae2:	04 e0       	ldi	r16, 0x04	; 4
	DIO_u8SetPinValue    ( KPD_PORT , KPD_C2 , DIO_HIGH );
	DIO_u8SetPinValue    ( KPD_PORT , KPD_C3 , DIO_HIGH );
}
   u8 KPD_u8GetPressed(void)
{
	u8 LOC_u8ReturnData = NotPressed;
     ae4:	ff 24       	eor	r15, r15
     ae6:	fa 94       	dec	r15
	u8 LOC_u8GetPressed;
	u8 LOC_u8Row, LOC_u8Col;

	for(LOC_u8Col = 0 + KPD_COL_INIT; LOC_u8Col < KPD_COL_END + 1; LOC_u8Col++)
     ae8:	49 c0       	rjmp	.+146    	; 0xb7c <KPD_u8GetPressed+0xaa>
	{
		DIO_u8SetPinValue(KPD_PORT, LOC_u8Col, DIO_LOW);
     aea:	40 e0       	ldi	r20, 0x00	; 0
     aec:	60 2f       	mov	r22, r16
     aee:	83 e0       	ldi	r24, 0x03	; 3
     af0:	0e 94 c7 03 	call	0x78e	; 0x78e <DIO_u8SetPinValue>

		for(LOC_u8Row = 0 + KPD_ROW_INIT; LOC_u8Row < KPD_ROW_END + 1; LOC_u8Row++)
     af4:	10 e0       	ldi	r17, 0x00	; 0
     af6:	37 c0       	rjmp	.+110    	; 0xb66 <KPD_u8GetPressed+0x94>
		{
			DIO_u8GetPinValue(KPD_PORT, LOC_u8Row, &LOC_u8GetPressed);
     af8:	ae 01       	movw	r20, r28
     afa:	4f 5f       	subi	r20, 0xFF	; 255
     afc:	5f 4f       	sbci	r21, 0xFF	; 255
     afe:	61 2f       	mov	r22, r17
     b00:	83 e0       	ldi	r24, 0x03	; 3
     b02:	0e 94 4f 04 	call	0x89e	; 0x89e <DIO_u8GetPinValue>

			if(LOC_u8GetPressed == DIO_LOW)
     b06:	89 81       	ldd	r24, Y+1	; 0x01
     b08:	81 11       	cpse	r24, r1
     b0a:	2c c0       	rjmp	.+88     	; 0xb64 <KPD_u8GetPressed+0x92>
     b0c:	8f e3       	ldi	r24, 0x3F	; 63
     b0e:	9c e9       	ldi	r25, 0x9C	; 156
     b10:	01 97       	sbiw	r24, 0x01	; 1
     b12:	f1 f7       	brne	.-4      	; 0xb10 <KPD_u8GetPressed+0x3e>
     b14:	00 c0       	rjmp	.+0      	; 0xb16 <KPD_u8GetPressed+0x44>
     b16:	00 00       	nop
			{
				_delay_ms(10);  // Reduced delay for bouncing

				DIO_u8GetPinValue(KPD_PORT, LOC_u8Row, &LOC_u8GetPressed);
     b18:	ae 01       	movw	r20, r28
     b1a:	4f 5f       	subi	r20, 0xFF	; 255
     b1c:	5f 4f       	sbci	r21, 0xFF	; 255
     b1e:	61 2f       	mov	r22, r17
     b20:	83 e0       	ldi	r24, 0x03	; 3
     b22:	0e 94 4f 04 	call	0x89e	; 0x89e <DIO_u8GetPinValue>

				if(LOC_u8GetPressed == DIO_LOW)
     b26:	89 81       	ldd	r24, Y+1	; 0x01
     b28:	81 11       	cpse	r24, r1
     b2a:	1c c0       	rjmp	.+56     	; 0xb64 <KPD_u8GetPressed+0x92>
				{
					LOC_u8ReturnData = KPD_u8Buttons[LOC_u8Row - KPD_ROW_INIT][LOC_u8Col - KPD_COL_INIT];
     b2c:	81 2f       	mov	r24, r17
     b2e:	90 e0       	ldi	r25, 0x00	; 0
     b30:	20 2f       	mov	r18, r16
     b32:	30 e0       	ldi	r19, 0x00	; 0
     b34:	24 50       	subi	r18, 0x04	; 4
     b36:	31 09       	sbc	r19, r1
     b38:	88 0f       	add	r24, r24
     b3a:	99 1f       	adc	r25, r25
     b3c:	88 0f       	add	r24, r24
     b3e:	99 1f       	adc	r25, r25
     b40:	8c 59       	subi	r24, 0x9C	; 156
     b42:	9f 4f       	sbci	r25, 0xFF	; 255
     b44:	fc 01       	movw	r30, r24
     b46:	e2 0f       	add	r30, r18
     b48:	f3 1f       	adc	r31, r19
     b4a:	f0 80       	ld	r15, Z
					while(LOC_u8GetPressed == DIO_LOW) // Stay here if button is still pressed
     b4c:	07 c0       	rjmp	.+14     	; 0xb5c <KPD_u8GetPressed+0x8a>
					{
						DIO_u8GetPinValue(KPD_PORT, LOC_u8Row, &LOC_u8GetPressed);
     b4e:	ae 01       	movw	r20, r28
     b50:	4f 5f       	subi	r20, 0xFF	; 255
     b52:	5f 4f       	sbci	r21, 0xFF	; 255
     b54:	61 2f       	mov	r22, r17
     b56:	83 e0       	ldi	r24, 0x03	; 3
     b58:	0e 94 4f 04 	call	0x89e	; 0x89e <DIO_u8GetPinValue>
				DIO_u8GetPinValue(KPD_PORT, LOC_u8Row, &LOC_u8GetPressed);

				if(LOC_u8GetPressed == DIO_LOW)
				{
					LOC_u8ReturnData = KPD_u8Buttons[LOC_u8Row - KPD_ROW_INIT][LOC_u8Col - KPD_COL_INIT];
					while(LOC_u8GetPressed == DIO_LOW) // Stay here if button is still pressed
     b5c:	89 81       	ldd	r24, Y+1	; 0x01
     b5e:	88 23       	and	r24, r24
     b60:	b1 f3       	breq	.-20     	; 0xb4e <KPD_u8GetPressed+0x7c>
     b62:	03 c0       	rjmp	.+6      	; 0xb6a <KPD_u8GetPressed+0x98>

	for(LOC_u8Col = 0 + KPD_COL_INIT; LOC_u8Col < KPD_COL_END + 1; LOC_u8Col++)
	{
		DIO_u8SetPinValue(KPD_PORT, LOC_u8Col, DIO_LOW);

		for(LOC_u8Row = 0 + KPD_ROW_INIT; LOC_u8Row < KPD_ROW_END + 1; LOC_u8Row++)
     b64:	1f 5f       	subi	r17, 0xFF	; 255
     b66:	14 30       	cpi	r17, 0x04	; 4
     b68:	38 f2       	brcs	.-114    	; 0xaf8 <KPD_u8GetPressed+0x26>
					break;
				}
			}
		}

		DIO_u8SetPinValue(KPD_PORT, LOC_u8Col, DIO_HIGH);
     b6a:	41 e0       	ldi	r20, 0x01	; 1
     b6c:	60 2f       	mov	r22, r16
     b6e:	83 e0       	ldi	r24, 0x03	; 3
     b70:	0e 94 c7 03 	call	0x78e	; 0x78e <DIO_u8SetPinValue>

		if (LOC_u8ReturnData != NotPressed)
     b74:	9f ef       	ldi	r25, 0xFF	; 255
     b76:	f9 12       	cpse	r15, r25
     b78:	04 c0       	rjmp	.+8      	; 0xb82 <KPD_u8GetPressed+0xb0>
{
	u8 LOC_u8ReturnData = NotPressed;
	u8 LOC_u8GetPressed;
	u8 LOC_u8Row, LOC_u8Col;

	for(LOC_u8Col = 0 + KPD_COL_INIT; LOC_u8Col < KPD_COL_END + 1; LOC_u8Col++)
     b7a:	0f 5f       	subi	r16, 0xFF	; 255
     b7c:	08 30       	cpi	r16, 0x08	; 8
     b7e:	08 f4       	brcc	.+2      	; 0xb82 <KPD_u8GetPressed+0xb0>
     b80:	b4 cf       	rjmp	.-152    	; 0xaea <KPD_u8GetPressed+0x18>
			break;
		}
	}

	return LOC_u8ReturnData;
}
     b82:	8f 2d       	mov	r24, r15
     b84:	0f 90       	pop	r0
     b86:	df 91       	pop	r29
     b88:	cf 91       	pop	r28
     b8a:	1f 91       	pop	r17
     b8c:	0f 91       	pop	r16
     b8e:	ff 90       	pop	r15
     b90:	08 95       	ret

00000b92 <LCD_voidSendCommand>:
	_delay_ms(1);
	 
}
void LCD_voidSendCommand(u8 Copy_u8Command)
{
	DIO_u8SetPortValue(LCD_DATA_PORT,Copy_u8Command);
     b92:	68 2f       	mov	r22, r24
     b94:	80 e0       	ldi	r24, 0x00	; 0
     b96:	0e 94 d0 04 	call	0x9a0	; 0x9a0 <DIO_u8SetPortValue>
	DIO_u8SetPinValue(LCD_CONTROL_PORT,LCD_RS,DIO_LOW);
     b9a:	40 e0       	ldi	r20, 0x00	; 0
     b9c:	60 e0       	ldi	r22, 0x00	; 0
     b9e:	81 e0       	ldi	r24, 0x01	; 1
     ba0:	0e 94 c7 03 	call	0x78e	; 0x78e <DIO_u8SetPinValue>
	DIO_u8SetPinValue(LCD_CONTROL_PORT,LCD_RW,DIO_LOW);
     ba4:	40 e0       	ldi	r20, 0x00	; 0
     ba6:	61 e0       	ldi	r22, 0x01	; 1
     ba8:	81 e0       	ldi	r24, 0x01	; 1
     baa:	0e 94 c7 03 	call	0x78e	; 0x78e <DIO_u8SetPinValue>
	DIO_u8SetPinValue(LCD_CONTROL_PORT,LCD_EN,DIO_HIGH);
     bae:	41 e0       	ldi	r20, 0x01	; 1
     bb0:	62 e0       	ldi	r22, 0x02	; 2
     bb2:	81 e0       	ldi	r24, 0x01	; 1
     bb4:	0e 94 c7 03 	call	0x78e	; 0x78e <DIO_u8SetPinValue>
     bb8:	8f e9       	ldi	r24, 0x9F	; 159
     bba:	9f e0       	ldi	r25, 0x0F	; 15
     bbc:	01 97       	sbiw	r24, 0x01	; 1
     bbe:	f1 f7       	brne	.-4      	; 0xbbc <LCD_voidSendCommand+0x2a>
     bc0:	00 c0       	rjmp	.+0      	; 0xbc2 <LCD_voidSendCommand+0x30>
     bc2:	00 00       	nop
	_delay_ms(1);
	DIO_u8SetPinValue(LCD_CONTROL_PORT,LCD_EN,DIO_LOW);	
     bc4:	40 e0       	ldi	r20, 0x00	; 0
     bc6:	62 e0       	ldi	r22, 0x02	; 2
     bc8:	81 e0       	ldi	r24, 0x01	; 1
     bca:	0e 94 c7 03 	call	0x78e	; 0x78e <DIO_u8SetPinValue>
     bce:	8f e9       	ldi	r24, 0x9F	; 159
     bd0:	9f e0       	ldi	r25, 0x0F	; 15
     bd2:	01 97       	sbiw	r24, 0x01	; 1
     bd4:	f1 f7       	brne	.-4      	; 0xbd2 <LCD_voidSendCommand+0x40>
     bd6:	00 c0       	rjmp	.+0      	; 0xbd8 <LCD_voidSendCommand+0x46>
     bd8:	00 00       	nop
     bda:	08 95       	ret

00000bdc <LCD_voidSenddata>:
	_delay_ms(1);
}
void LCD_voidSenddata(u8 Copy_u8data)
{
	DIO_u8SetPortValue(LCD_DATA_PORT,Copy_u8data);
     bdc:	68 2f       	mov	r22, r24
     bde:	80 e0       	ldi	r24, 0x00	; 0
     be0:	0e 94 d0 04 	call	0x9a0	; 0x9a0 <DIO_u8SetPortValue>
	DIO_u8SetPinValue(LCD_CONTROL_PORT,LCD_RS,DIO_HIGH);
     be4:	41 e0       	ldi	r20, 0x01	; 1
     be6:	60 e0       	ldi	r22, 0x00	; 0
     be8:	81 e0       	ldi	r24, 0x01	; 1
     bea:	0e 94 c7 03 	call	0x78e	; 0x78e <DIO_u8SetPinValue>
	DIO_u8SetPinValue(LCD_CONTROL_PORT,LCD_RW,DIO_LOW);
     bee:	40 e0       	ldi	r20, 0x00	; 0
     bf0:	61 e0       	ldi	r22, 0x01	; 1
     bf2:	81 e0       	ldi	r24, 0x01	; 1
     bf4:	0e 94 c7 03 	call	0x78e	; 0x78e <DIO_u8SetPinValue>
	DIO_u8SetPinValue(LCD_CONTROL_PORT,LCD_EN,DIO_HIGH);
     bf8:	41 e0       	ldi	r20, 0x01	; 1
     bfa:	62 e0       	ldi	r22, 0x02	; 2
     bfc:	81 e0       	ldi	r24, 0x01	; 1
     bfe:	0e 94 c7 03 	call	0x78e	; 0x78e <DIO_u8SetPinValue>
     c02:	8f e9       	ldi	r24, 0x9F	; 159
     c04:	9f e0       	ldi	r25, 0x0F	; 15
     c06:	01 97       	sbiw	r24, 0x01	; 1
     c08:	f1 f7       	brne	.-4      	; 0xc06 <LCD_voidSenddata+0x2a>
     c0a:	00 c0       	rjmp	.+0      	; 0xc0c <LCD_voidSenddata+0x30>
     c0c:	00 00       	nop
	_delay_ms(1);
	DIO_u8SetPinValue(LCD_CONTROL_PORT,LCD_EN,DIO_LOW);
     c0e:	40 e0       	ldi	r20, 0x00	; 0
     c10:	62 e0       	ldi	r22, 0x02	; 2
     c12:	81 e0       	ldi	r24, 0x01	; 1
     c14:	0e 94 c7 03 	call	0x78e	; 0x78e <DIO_u8SetPinValue>
     c18:	8f e9       	ldi	r24, 0x9F	; 159
     c1a:	9f e0       	ldi	r25, 0x0F	; 15
     c1c:	01 97       	sbiw	r24, 0x01	; 1
     c1e:	f1 f7       	brne	.-4      	; 0xc1c <LCD_voidSenddata+0x40>
     c20:	00 c0       	rjmp	.+0      	; 0xc22 <LCD_voidSenddata+0x46>
     c22:	00 00       	nop
     c24:	08 95       	ret

00000c26 <LCD_voidSendString>:
	_delay_ms(1);
}
void LCD_voidSendString(const u8 *Copy_u8Data)
{
     c26:	0f 93       	push	r16
     c28:	1f 93       	push	r17
     c2a:	cf 93       	push	r28
     c2c:	8c 01       	movw	r16, r24
	u8 LOC_u8counter = 0 ;
     c2e:	c0 e0       	ldi	r28, 0x00	; 0
	while(Copy_u8Data[LOC_u8counter] != '\0')
     c30:	03 c0       	rjmp	.+6      	; 0xc38 <LCD_voidSendString+0x12>
	{
		LCD_voidSenddata(Copy_u8Data[LOC_u8counter]);
     c32:	0e 94 ee 05 	call	0xbdc	; 0xbdc <LCD_voidSenddata>
		LOC_u8counter++;
     c36:	cf 5f       	subi	r28, 0xFF	; 255
	_delay_ms(1);
}
void LCD_voidSendString(const u8 *Copy_u8Data)
{
	u8 LOC_u8counter = 0 ;
	while(Copy_u8Data[LOC_u8counter] != '\0')
     c38:	f8 01       	movw	r30, r16
     c3a:	ec 0f       	add	r30, r28
     c3c:	f1 1d       	adc	r31, r1
     c3e:	80 81       	ld	r24, Z
     c40:	81 11       	cpse	r24, r1
     c42:	f7 cf       	rjmp	.-18     	; 0xc32 <LCD_voidSendString+0xc>
	{
		LCD_voidSenddata(Copy_u8Data[LOC_u8counter]);
		LOC_u8counter++;
	}
}
     c44:	cf 91       	pop	r28
     c46:	1f 91       	pop	r17
     c48:	0f 91       	pop	r16
     c4a:	08 95       	ret

00000c4c <LCD_voidClearScreen>:
void LCD_voidClearScreen(void)
{
	LCD_voidSendCommand(Clear_Lcd);
     c4c:	81 e0       	ldi	r24, 0x01	; 1
     c4e:	0e 94 c9 05 	call	0xb92	; 0xb92 <LCD_voidSendCommand>
     c52:	8f e3       	ldi	r24, 0x3F	; 63
     c54:	9c e9       	ldi	r25, 0x9C	; 156
     c56:	01 97       	sbiw	r24, 0x01	; 1
     c58:	f1 f7       	brne	.-4      	; 0xc56 <LCD_voidClearScreen+0xa>
     c5a:	00 c0       	rjmp	.+0      	; 0xc5c <LCD_voidClearScreen+0x10>
     c5c:	00 00       	nop
     c5e:	08 95       	ret

00000c60 <LCD_voidInit>:
     c60:	2f ef       	ldi	r18, 0xFF	; 255
     c62:	80 e7       	ldi	r24, 0x70	; 112
     c64:	92 e0       	ldi	r25, 0x02	; 2
     c66:	21 50       	subi	r18, 0x01	; 1
     c68:	80 40       	sbci	r24, 0x00	; 0
     c6a:	90 40       	sbci	r25, 0x00	; 0
     c6c:	e1 f7       	brne	.-8      	; 0xc66 <LCD_voidInit+0x6>
     c6e:	00 c0       	rjmp	.+0      	; 0xc70 <LCD_voidInit+0x10>
     c70:	00 00       	nop
#include "LCD_config.h"

void LCD_voidInit(void)
{
	_delay_ms(50); 
	DIO_u8SetPortDirection(LCD_DATA_PORT,DIO_OUTPUT);
     c72:	61 e0       	ldi	r22, 0x01	; 1
     c74:	80 e0       	ldi	r24, 0x00	; 0
     c76:	0e 94 96 04 	call	0x92c	; 0x92c <DIO_u8SetPortDirection>
	DIO_u8SetPinDirection(LCD_CONTROL_PORT,LCD_RS,DIO_OUTPUT);
     c7a:	41 e0       	ldi	r20, 0x01	; 1
     c7c:	60 e0       	ldi	r22, 0x00	; 0
     c7e:	81 e0       	ldi	r24, 0x01	; 1
     c80:	0e 94 3f 03 	call	0x67e	; 0x67e <DIO_u8SetPinDirection>
	DIO_u8SetPinDirection(LCD_CONTROL_PORT,LCD_RW,DIO_OUTPUT);
     c84:	41 e0       	ldi	r20, 0x01	; 1
     c86:	61 e0       	ldi	r22, 0x01	; 1
     c88:	81 e0       	ldi	r24, 0x01	; 1
     c8a:	0e 94 3f 03 	call	0x67e	; 0x67e <DIO_u8SetPinDirection>
	DIO_u8SetPinDirection(LCD_CONTROL_PORT,LCD_EN,DIO_OUTPUT);
     c8e:	41 e0       	ldi	r20, 0x01	; 1
     c90:	62 e0       	ldi	r22, 0x02	; 2
     c92:	81 e0       	ldi	r24, 0x01	; 1
     c94:	0e 94 3f 03 	call	0x67e	; 0x67e <DIO_u8SetPinDirection>
	LCD_voidSendCommand(Function_Set); 
     c98:	88 e3       	ldi	r24, 0x38	; 56
     c9a:	0e 94 c9 05 	call	0xb92	; 0xb92 <LCD_voidSendCommand>
     c9e:	8f e9       	ldi	r24, 0x9F	; 159
     ca0:	9f e0       	ldi	r25, 0x0F	; 15
     ca2:	01 97       	sbiw	r24, 0x01	; 1
     ca4:	f1 f7       	brne	.-4      	; 0xca2 <LCD_voidInit+0x42>
     ca6:	00 c0       	rjmp	.+0      	; 0xca8 <LCD_voidInit+0x48>
     ca8:	00 00       	nop
	_delay_ms(1);
	LCD_voidSendCommand(DIS_ON_Curr_OFF);     
     caa:	8c e0       	ldi	r24, 0x0C	; 12
     cac:	0e 94 c9 05 	call	0xb92	; 0xb92 <LCD_voidSendCommand>
     cb0:	8f e9       	ldi	r24, 0x9F	; 159
     cb2:	9f e0       	ldi	r25, 0x0F	; 15
     cb4:	01 97       	sbiw	r24, 0x01	; 1
     cb6:	f1 f7       	brne	.-4      	; 0xcb4 <LCD_voidInit+0x54>
     cb8:	00 c0       	rjmp	.+0      	; 0xcba <LCD_voidInit+0x5a>
     cba:	00 00       	nop
	_delay_ms(1);
	LCD_voidClearScreen();
     cbc:	0e 94 26 06 	call	0xc4c	; 0xc4c <LCD_voidClearScreen>
	LCD_voidSendCommand(Entry_Mode);  
     cc0:	86 e0       	ldi	r24, 0x06	; 6
     cc2:	0e 94 c9 05 	call	0xb92	; 0xb92 <LCD_voidSendCommand>
     cc6:	8f e9       	ldi	r24, 0x9F	; 159
     cc8:	9f e0       	ldi	r25, 0x0F	; 15
     cca:	01 97       	sbiw	r24, 0x01	; 1
     ccc:	f1 f7       	brne	.-4      	; 0xcca <LCD_voidInit+0x6a>
     cce:	00 c0       	rjmp	.+0      	; 0xcd0 <LCD_voidInit+0x70>
     cd0:	00 00       	nop
     cd2:	08 95       	ret

00000cd4 <LCD_voidSendNumber>:
{
	LCD_voidSendCommand(Clear_Lcd);
	_delay_ms(10); 
}
void LCD_voidSendNumber(u64 Copy_u64Number)
{
     cd4:	2f 92       	push	r2
     cd6:	3f 92       	push	r3
     cd8:	4f 92       	push	r4
     cda:	5f 92       	push	r5
     cdc:	6f 92       	push	r6
     cde:	7f 92       	push	r7
     ce0:	8f 92       	push	r8
     ce2:	9f 92       	push	r9
     ce4:	af 92       	push	r10
     ce6:	bf 92       	push	r11
     ce8:	cf 92       	push	r12
     cea:	df 92       	push	r13
     cec:	ef 92       	push	r14
     cee:	ff 92       	push	r15
     cf0:	0f 93       	push	r16
     cf2:	1f 93       	push	r17
     cf4:	cf 93       	push	r28
     cf6:	df 93       	push	r29
     cf8:	cd b7       	in	r28, 0x3d	; 61
     cfa:	de b7       	in	r29, 0x3e	; 62
     cfc:	28 97       	sbiw	r28, 0x08	; 8
     cfe:	0f b6       	in	r0, 0x3f	; 63
     d00:	f8 94       	cli
     d02:	de bf       	out	0x3e, r29	; 62
     d04:	0f be       	out	0x3f, r0	; 63
     d06:	cd bf       	out	0x3d, r28	; 61
     d08:	29 83       	std	Y+1, r18	; 0x01
     d0a:	3a 83       	std	Y+2, r19	; 0x02
     d0c:	4b 83       	std	Y+3, r20	; 0x03
     d0e:	5c 83       	std	Y+4, r21	; 0x04
     d10:	6d 83       	std	Y+5, r22	; 0x05
     d12:	7e 83       	std	Y+6, r23	; 0x06
     d14:	38 2e       	mov	r3, r24
     d16:	29 2e       	mov	r2, r25
	u64 LOC_u64Reversed = 1 ;

	if( Copy_u64Number == 0 ){
     d18:	a0 e0       	ldi	r26, 0x00	; 0
     d1a:	0e 94 65 0a 	call	0x14ca	; 0x14ca <__cmpdi2_s8>
     d1e:	09 f0       	breq	.+2      	; 0xd22 <LCD_voidSendNumber+0x4e>
     d20:	81 c0       	rjmp	.+258    	; 0xe24 <LCD_voidSendNumber+0x150>
		 LCD_voidSenddata('0');
     d22:	80 e3       	ldi	r24, 0x30	; 48
     d24:	0e 94 ee 05 	call	0xbdc	; 0xbdc <LCD_voidSenddata>
     d28:	cb c0       	rjmp	.+406    	; 0xec0 <LCD_voidSendNumber+0x1ec>

	else{

		while( Copy_u64Number != 0 ){

			LOC_u64Reversed = ( LOC_u64Reversed * 10 ) + ( Copy_u64Number % 10 ); // 10 +1 = 11
     d2a:	2f 81       	ldd	r18, Y+7	; 0x07
     d2c:	38 85       	ldd	r19, Y+8	; 0x08
     d2e:	49 2d       	mov	r20, r9
     d30:	58 2d       	mov	r21, r8
     d32:	67 2d       	mov	r22, r7
     d34:	76 2d       	mov	r23, r6
     d36:	85 2d       	mov	r24, r5
     d38:	94 2d       	mov	r25, r4
     d3a:	01 e0       	ldi	r16, 0x01	; 1
     d3c:	0e 94 43 0a 	call	0x1486	; 0x1486 <__ashldi3>
     d40:	82 2e       	mov	r8, r18
     d42:	93 2e       	mov	r9, r19
     d44:	48 87       	std	Y+8, r20	; 0x08
     d46:	5f 83       	std	Y+7, r21	; 0x07
     d48:	b6 2f       	mov	r27, r22
     d4a:	a7 2f       	mov	r26, r23
     d4c:	f8 2f       	mov	r31, r24
     d4e:	e9 2f       	mov	r30, r25
     d50:	02 e0       	ldi	r16, 0x02	; 2
     d52:	0e 94 43 0a 	call	0x1486	; 0x1486 <__ashldi3>
     d56:	a2 2e       	mov	r10, r18
     d58:	b3 2e       	mov	r11, r19
     d5a:	c4 2e       	mov	r12, r20
     d5c:	d5 2e       	mov	r13, r21
     d5e:	e6 2e       	mov	r14, r22
     d60:	f7 2e       	mov	r15, r23
     d62:	08 2f       	mov	r16, r24
     d64:	19 2f       	mov	r17, r25
     d66:	28 2d       	mov	r18, r8
     d68:	39 2d       	mov	r19, r9
     d6a:	48 85       	ldd	r20, Y+8	; 0x08
     d6c:	5f 81       	ldd	r21, Y+7	; 0x07
     d6e:	6b 2f       	mov	r22, r27
     d70:	7a 2f       	mov	r23, r26
     d72:	8f 2f       	mov	r24, r31
     d74:	9e 2f       	mov	r25, r30
     d76:	0e 94 5c 0a 	call	0x14b8	; 0x14b8 <__adddi3>
     d7a:	28 87       	std	Y+8, r18	; 0x08
     d7c:	3f 83       	std	Y+7, r19	; 0x07
     d7e:	94 2e       	mov	r9, r20
     d80:	85 2e       	mov	r8, r21
     d82:	76 2e       	mov	r7, r22
     d84:	67 2e       	mov	r6, r23
     d86:	58 2e       	mov	r5, r24
     d88:	49 2e       	mov	r4, r25
     d8a:	0f 2e       	mov	r0, r31
     d8c:	fa e0       	ldi	r31, 0x0A	; 10
     d8e:	af 2e       	mov	r10, r31
     d90:	f0 2d       	mov	r31, r0
     d92:	b1 2c       	mov	r11, r1
     d94:	c1 2c       	mov	r12, r1
     d96:	d1 2c       	mov	r13, r1
     d98:	e1 2c       	mov	r14, r1
     d9a:	f1 2c       	mov	r15, r1
     d9c:	00 e0       	ldi	r16, 0x00	; 0
     d9e:	10 e0       	ldi	r17, 0x00	; 0
     da0:	29 81       	ldd	r18, Y+1	; 0x01
     da2:	3a 81       	ldd	r19, Y+2	; 0x02
     da4:	4b 81       	ldd	r20, Y+3	; 0x03
     da6:	5c 81       	ldd	r21, Y+4	; 0x04
     da8:	6d 81       	ldd	r22, Y+5	; 0x05
     daa:	7e 81       	ldd	r23, Y+6	; 0x06
     dac:	83 2d       	mov	r24, r3
     dae:	92 2d       	mov	r25, r2
     db0:	0e 94 e4 09 	call	0x13c8	; 0x13c8 <__umoddi3>
     db4:	a2 2e       	mov	r10, r18
     db6:	b3 2e       	mov	r11, r19
     db8:	c4 2e       	mov	r12, r20
     dba:	d5 2e       	mov	r13, r21
     dbc:	e6 2e       	mov	r14, r22
     dbe:	f7 2e       	mov	r15, r23
     dc0:	08 2f       	mov	r16, r24
     dc2:	19 2f       	mov	r17, r25
     dc4:	28 85       	ldd	r18, Y+8	; 0x08
     dc6:	3f 81       	ldd	r19, Y+7	; 0x07
     dc8:	49 2d       	mov	r20, r9
     dca:	58 2d       	mov	r21, r8
     dcc:	67 2d       	mov	r22, r7
     dce:	76 2d       	mov	r23, r6
     dd0:	85 2d       	mov	r24, r5
     dd2:	94 2d       	mov	r25, r4
     dd4:	0e 94 5c 0a 	call	0x14b8	; 0x14b8 <__adddi3>
     dd8:	2f 83       	std	Y+7, r18	; 0x07
     dda:	38 87       	std	Y+8, r19	; 0x08
     ddc:	94 2e       	mov	r9, r20
     dde:	85 2e       	mov	r8, r21
     de0:	76 2e       	mov	r7, r22
     de2:	67 2e       	mov	r6, r23
     de4:	58 2e       	mov	r5, r24
     de6:	49 2e       	mov	r4, r25
			Copy_u64Number /= 10 ;  
     de8:	0f 2e       	mov	r0, r31
     dea:	fa e0       	ldi	r31, 0x0A	; 10
     dec:	af 2e       	mov	r10, r31
     dee:	f0 2d       	mov	r31, r0
     df0:	b1 2c       	mov	r11, r1
     df2:	c1 2c       	mov	r12, r1
     df4:	d1 2c       	mov	r13, r1
     df6:	e1 2c       	mov	r14, r1
     df8:	f1 2c       	mov	r15, r1
     dfa:	00 e0       	ldi	r16, 0x00	; 0
     dfc:	10 e0       	ldi	r17, 0x00	; 0
     dfe:	29 81       	ldd	r18, Y+1	; 0x01
     e00:	3a 81       	ldd	r19, Y+2	; 0x02
     e02:	4b 81       	ldd	r20, Y+3	; 0x03
     e04:	5c 81       	ldd	r21, Y+4	; 0x04
     e06:	6d 81       	ldd	r22, Y+5	; 0x05
     e08:	7e 81       	ldd	r23, Y+6	; 0x06
     e0a:	83 2d       	mov	r24, r3
     e0c:	92 2d       	mov	r25, r2
     e0e:	0e 94 e6 09 	call	0x13cc	; 0x13cc <__udivdi3>
     e12:	29 83       	std	Y+1, r18	; 0x01
     e14:	3a 83       	std	Y+2, r19	; 0x02
     e16:	4b 83       	std	Y+3, r20	; 0x03
     e18:	5c 83       	std	Y+4, r21	; 0x04
     e1a:	6d 83       	std	Y+5, r22	; 0x05
     e1c:	7e 83       	std	Y+6, r23	; 0x06
     e1e:	38 2e       	mov	r3, r24
     e20:	29 2e       	mov	r2, r25
     e22:	09 c0       	rjmp	.+18     	; 0xe36 <LCD_voidSendNumber+0x162>
     e24:	81 e0       	ldi	r24, 0x01	; 1
     e26:	18 86       	std	Y+8, r1	; 0x08
     e28:	91 2c       	mov	r9, r1
     e2a:	81 2c       	mov	r8, r1
     e2c:	71 2c       	mov	r7, r1
     e2e:	61 2c       	mov	r6, r1
     e30:	51 2c       	mov	r5, r1
     e32:	41 2c       	mov	r4, r1
     e34:	8f 83       	std	Y+7, r24	; 0x07
		 
		  }

	else{

		while( Copy_u64Number != 0 ){
     e36:	29 81       	ldd	r18, Y+1	; 0x01
     e38:	3a 81       	ldd	r19, Y+2	; 0x02
     e3a:	4b 81       	ldd	r20, Y+3	; 0x03
     e3c:	5c 81       	ldd	r21, Y+4	; 0x04
     e3e:	6d 81       	ldd	r22, Y+5	; 0x05
     e40:	7e 81       	ldd	r23, Y+6	; 0x06
     e42:	83 2d       	mov	r24, r3
     e44:	92 2d       	mov	r25, r2
     e46:	a0 e0       	ldi	r26, 0x00	; 0
     e48:	0e 94 65 0a 	call	0x14ca	; 0x14ca <__cmpdi2_s8>
     e4c:	09 f0       	breq	.+2      	; 0xe50 <LCD_voidSendNumber+0x17c>
     e4e:	6d cf       	rjmp	.-294    	; 0xd2a <LCD_voidSendNumber+0x56>
     e50:	2b c0       	rjmp	.+86     	; 0xea8 <LCD_voidSendNumber+0x1d4>
			Copy_u64Number /= 10 ;  

		}
		while( LOC_u64Reversed != 1 ){

			LCD_voidSenddata( ( LOC_u64Reversed % 10 ) + 48 );
     e52:	0f 2e       	mov	r0, r31
     e54:	fa e0       	ldi	r31, 0x0A	; 10
     e56:	af 2e       	mov	r10, r31
     e58:	f0 2d       	mov	r31, r0
     e5a:	b1 2c       	mov	r11, r1
     e5c:	c1 2c       	mov	r12, r1
     e5e:	d1 2c       	mov	r13, r1
     e60:	e1 2c       	mov	r14, r1
     e62:	f1 2c       	mov	r15, r1
     e64:	00 e0       	ldi	r16, 0x00	; 0
     e66:	10 e0       	ldi	r17, 0x00	; 0
     e68:	2f 81       	ldd	r18, Y+7	; 0x07
     e6a:	38 85       	ldd	r19, Y+8	; 0x08
     e6c:	49 2d       	mov	r20, r9
     e6e:	58 2d       	mov	r21, r8
     e70:	67 2d       	mov	r22, r7
     e72:	76 2d       	mov	r23, r6
     e74:	85 2d       	mov	r24, r5
     e76:	94 2d       	mov	r25, r4
     e78:	0e 94 e4 09 	call	0x13c8	; 0x13c8 <__umoddi3>
     e7c:	80 e3       	ldi	r24, 0x30	; 48
     e7e:	82 0f       	add	r24, r18
     e80:	0e 94 ee 05 	call	0xbdc	; 0xbdc <LCD_voidSenddata>
			LOC_u64Reversed /= 10 ;
     e84:	2f 81       	ldd	r18, Y+7	; 0x07
     e86:	38 85       	ldd	r19, Y+8	; 0x08
     e88:	49 2d       	mov	r20, r9
     e8a:	58 2d       	mov	r21, r8
     e8c:	67 2d       	mov	r22, r7
     e8e:	76 2d       	mov	r23, r6
     e90:	85 2d       	mov	r24, r5
     e92:	94 2d       	mov	r25, r4
     e94:	0e 94 e6 09 	call	0x13cc	; 0x13cc <__udivdi3>
     e98:	2f 83       	std	Y+7, r18	; 0x07
     e9a:	38 87       	std	Y+8, r19	; 0x08
     e9c:	94 2e       	mov	r9, r20
     e9e:	85 2e       	mov	r8, r21
     ea0:	76 2e       	mov	r7, r22
     ea2:	67 2e       	mov	r6, r23
     ea4:	58 2e       	mov	r5, r24
     ea6:	49 2e       	mov	r4, r25

			LOC_u64Reversed = ( LOC_u64Reversed * 10 ) + ( Copy_u64Number % 10 ); // 10 +1 = 11
			Copy_u64Number /= 10 ;  

		}
		while( LOC_u64Reversed != 1 ){
     ea8:	2f 81       	ldd	r18, Y+7	; 0x07
     eaa:	38 85       	ldd	r19, Y+8	; 0x08
     eac:	49 2d       	mov	r20, r9
     eae:	58 2d       	mov	r21, r8
     eb0:	67 2d       	mov	r22, r7
     eb2:	76 2d       	mov	r23, r6
     eb4:	85 2d       	mov	r24, r5
     eb6:	94 2d       	mov	r25, r4
     eb8:	a1 e0       	ldi	r26, 0x01	; 1
     eba:	0e 94 65 0a 	call	0x14ca	; 0x14ca <__cmpdi2_s8>
     ebe:	49 f6       	brne	.-110    	; 0xe52 <LCD_voidSendNumber+0x17e>

		}

	}

}
     ec0:	28 96       	adiw	r28, 0x08	; 8
     ec2:	0f b6       	in	r0, 0x3f	; 63
     ec4:	f8 94       	cli
     ec6:	de bf       	out	0x3e, r29	; 62
     ec8:	0f be       	out	0x3f, r0	; 63
     eca:	cd bf       	out	0x3d, r28	; 61
     ecc:	df 91       	pop	r29
     ece:	cf 91       	pop	r28
     ed0:	1f 91       	pop	r17
     ed2:	0f 91       	pop	r16
     ed4:	ff 90       	pop	r15
     ed6:	ef 90       	pop	r14
     ed8:	df 90       	pop	r13
     eda:	cf 90       	pop	r12
     edc:	bf 90       	pop	r11
     ede:	af 90       	pop	r10
     ee0:	9f 90       	pop	r9
     ee2:	8f 90       	pop	r8
     ee4:	7f 90       	pop	r7
     ee6:	6f 90       	pop	r6
     ee8:	5f 90       	pop	r5
     eea:	4f 90       	pop	r4
     eec:	3f 90       	pop	r3
     eee:	2f 90       	pop	r2
     ef0:	08 95       	ret

00000ef2 <LCD_voidSetPosition>:
void LCD_voidSetPosition(u8 Copy_u8ROW,u8 Copy_u8COL)
{
	if (Copy_u8COL <= 39)
     ef2:	68 32       	cpi	r22, 0x28	; 40
     ef4:	80 f4       	brcc	.+32     	; 0xf16 <LCD_voidSetPosition+0x24>
	{
		switch(Copy_u8ROW)
     ef6:	81 30       	cpi	r24, 0x01	; 1
     ef8:	19 f0       	breq	.+6      	; 0xf00 <LCD_voidSetPosition+0xe>
     efa:	82 30       	cpi	r24, 0x02	; 2
     efc:	39 f0       	breq	.+14     	; 0xf0c <LCD_voidSetPosition+0x1a>
     efe:	08 95       	ret
		{
			case LCD_ROW1:LCD_voidSendCommand(0x80 + (Copy_u8COL%16) );break;
     f00:	86 2f       	mov	r24, r22
     f02:	8f 70       	andi	r24, 0x0F	; 15
     f04:	80 58       	subi	r24, 0x80	; 128
     f06:	0e 94 c9 05 	call	0xb92	; 0xb92 <LCD_voidSendCommand>
     f0a:	08 95       	ret
			case LCD_ROW2:LCD_voidSendCommand(0xc0 + (Copy_u8COL%16) );break;
     f0c:	86 2f       	mov	r24, r22
     f0e:	8f 70       	andi	r24, 0x0F	; 15
     f10:	80 54       	subi	r24, 0x40	; 64
     f12:	0e 94 c9 05 	call	0xb92	; 0xb92 <LCD_voidSendCommand>
     f16:	08 95       	ret

00000f18 <main>:



int main(void)
{
	App();
     f18:	0e 94 0f 01 	call	0x21e	; 0x21e <App>
     f1c:	ff cf       	rjmp	.-2      	; 0xf1c <main+0x4>

00000f1e <__subsf3>:
     f1e:	50 58       	subi	r21, 0x80	; 128

00000f20 <__addsf3>:
     f20:	bb 27       	eor	r27, r27
     f22:	aa 27       	eor	r26, r26
     f24:	0e 94 a7 07 	call	0xf4e	; 0xf4e <__addsf3x>
     f28:	0c 94 3d 09 	jmp	0x127a	; 0x127a <__fp_round>
     f2c:	0e 94 2f 09 	call	0x125e	; 0x125e <__fp_pscA>
     f30:	38 f0       	brcs	.+14     	; 0xf40 <__addsf3+0x20>
     f32:	0e 94 36 09 	call	0x126c	; 0x126c <__fp_pscB>
     f36:	20 f0       	brcs	.+8      	; 0xf40 <__addsf3+0x20>
     f38:	39 f4       	brne	.+14     	; 0xf48 <__addsf3+0x28>
     f3a:	9f 3f       	cpi	r25, 0xFF	; 255
     f3c:	19 f4       	brne	.+6      	; 0xf44 <__addsf3+0x24>
     f3e:	26 f4       	brtc	.+8      	; 0xf48 <__addsf3+0x28>
     f40:	0c 94 1c 09 	jmp	0x1238	; 0x1238 <__fp_nan>
     f44:	0e f4       	brtc	.+2      	; 0xf48 <__addsf3+0x28>
     f46:	e0 95       	com	r30
     f48:	e7 fb       	bst	r30, 7
     f4a:	0c 94 16 09 	jmp	0x122c	; 0x122c <__fp_inf>

00000f4e <__addsf3x>:
     f4e:	e9 2f       	mov	r30, r25
     f50:	0e 94 4e 09 	call	0x129c	; 0x129c <__fp_split3>
     f54:	58 f3       	brcs	.-42     	; 0xf2c <__addsf3+0xc>
     f56:	ba 17       	cp	r27, r26
     f58:	62 07       	cpc	r22, r18
     f5a:	73 07       	cpc	r23, r19
     f5c:	84 07       	cpc	r24, r20
     f5e:	95 07       	cpc	r25, r21
     f60:	20 f0       	brcs	.+8      	; 0xf6a <__addsf3x+0x1c>
     f62:	79 f4       	brne	.+30     	; 0xf82 <__addsf3x+0x34>
     f64:	a6 f5       	brtc	.+104    	; 0xfce <__addsf3x+0x80>
     f66:	0c 94 70 09 	jmp	0x12e0	; 0x12e0 <__fp_zero>
     f6a:	0e f4       	brtc	.+2      	; 0xf6e <__addsf3x+0x20>
     f6c:	e0 95       	com	r30
     f6e:	0b 2e       	mov	r0, r27
     f70:	ba 2f       	mov	r27, r26
     f72:	a0 2d       	mov	r26, r0
     f74:	0b 01       	movw	r0, r22
     f76:	b9 01       	movw	r22, r18
     f78:	90 01       	movw	r18, r0
     f7a:	0c 01       	movw	r0, r24
     f7c:	ca 01       	movw	r24, r20
     f7e:	a0 01       	movw	r20, r0
     f80:	11 24       	eor	r1, r1
     f82:	ff 27       	eor	r31, r31
     f84:	59 1b       	sub	r21, r25
     f86:	99 f0       	breq	.+38     	; 0xfae <__addsf3x+0x60>
     f88:	59 3f       	cpi	r21, 0xF9	; 249
     f8a:	50 f4       	brcc	.+20     	; 0xfa0 <__addsf3x+0x52>
     f8c:	50 3e       	cpi	r21, 0xE0	; 224
     f8e:	68 f1       	brcs	.+90     	; 0xfea <__addsf3x+0x9c>
     f90:	1a 16       	cp	r1, r26
     f92:	f0 40       	sbci	r31, 0x00	; 0
     f94:	a2 2f       	mov	r26, r18
     f96:	23 2f       	mov	r18, r19
     f98:	34 2f       	mov	r19, r20
     f9a:	44 27       	eor	r20, r20
     f9c:	58 5f       	subi	r21, 0xF8	; 248
     f9e:	f3 cf       	rjmp	.-26     	; 0xf86 <__addsf3x+0x38>
     fa0:	46 95       	lsr	r20
     fa2:	37 95       	ror	r19
     fa4:	27 95       	ror	r18
     fa6:	a7 95       	ror	r26
     fa8:	f0 40       	sbci	r31, 0x00	; 0
     faa:	53 95       	inc	r21
     fac:	c9 f7       	brne	.-14     	; 0xfa0 <__addsf3x+0x52>
     fae:	7e f4       	brtc	.+30     	; 0xfce <__addsf3x+0x80>
     fb0:	1f 16       	cp	r1, r31
     fb2:	ba 0b       	sbc	r27, r26
     fb4:	62 0b       	sbc	r22, r18
     fb6:	73 0b       	sbc	r23, r19
     fb8:	84 0b       	sbc	r24, r20
     fba:	ba f0       	brmi	.+46     	; 0xfea <__addsf3x+0x9c>
     fbc:	91 50       	subi	r25, 0x01	; 1
     fbe:	a1 f0       	breq	.+40     	; 0xfe8 <__addsf3x+0x9a>
     fc0:	ff 0f       	add	r31, r31
     fc2:	bb 1f       	adc	r27, r27
     fc4:	66 1f       	adc	r22, r22
     fc6:	77 1f       	adc	r23, r23
     fc8:	88 1f       	adc	r24, r24
     fca:	c2 f7       	brpl	.-16     	; 0xfbc <__addsf3x+0x6e>
     fcc:	0e c0       	rjmp	.+28     	; 0xfea <__addsf3x+0x9c>
     fce:	ba 0f       	add	r27, r26
     fd0:	62 1f       	adc	r22, r18
     fd2:	73 1f       	adc	r23, r19
     fd4:	84 1f       	adc	r24, r20
     fd6:	48 f4       	brcc	.+18     	; 0xfea <__addsf3x+0x9c>
     fd8:	87 95       	ror	r24
     fda:	77 95       	ror	r23
     fdc:	67 95       	ror	r22
     fde:	b7 95       	ror	r27
     fe0:	f7 95       	ror	r31
     fe2:	9e 3f       	cpi	r25, 0xFE	; 254
     fe4:	08 f0       	brcs	.+2      	; 0xfe8 <__addsf3x+0x9a>
     fe6:	b0 cf       	rjmp	.-160    	; 0xf48 <__addsf3+0x28>
     fe8:	93 95       	inc	r25
     fea:	88 0f       	add	r24, r24
     fec:	08 f0       	brcs	.+2      	; 0xff0 <__addsf3x+0xa2>
     fee:	99 27       	eor	r25, r25
     ff0:	ee 0f       	add	r30, r30
     ff2:	97 95       	ror	r25
     ff4:	87 95       	ror	r24
     ff6:	08 95       	ret

00000ff8 <__divsf3>:
     ff8:	0e 94 10 08 	call	0x1020	; 0x1020 <__divsf3x>
     ffc:	0c 94 3d 09 	jmp	0x127a	; 0x127a <__fp_round>
    1000:	0e 94 36 09 	call	0x126c	; 0x126c <__fp_pscB>
    1004:	58 f0       	brcs	.+22     	; 0x101c <__divsf3+0x24>
    1006:	0e 94 2f 09 	call	0x125e	; 0x125e <__fp_pscA>
    100a:	40 f0       	brcs	.+16     	; 0x101c <__divsf3+0x24>
    100c:	29 f4       	brne	.+10     	; 0x1018 <__divsf3+0x20>
    100e:	5f 3f       	cpi	r21, 0xFF	; 255
    1010:	29 f0       	breq	.+10     	; 0x101c <__divsf3+0x24>
    1012:	0c 94 16 09 	jmp	0x122c	; 0x122c <__fp_inf>
    1016:	51 11       	cpse	r21, r1
    1018:	0c 94 71 09 	jmp	0x12e2	; 0x12e2 <__fp_szero>
    101c:	0c 94 1c 09 	jmp	0x1238	; 0x1238 <__fp_nan>

00001020 <__divsf3x>:
    1020:	0e 94 4e 09 	call	0x129c	; 0x129c <__fp_split3>
    1024:	68 f3       	brcs	.-38     	; 0x1000 <__divsf3+0x8>

00001026 <__divsf3_pse>:
    1026:	99 23       	and	r25, r25
    1028:	b1 f3       	breq	.-20     	; 0x1016 <__divsf3+0x1e>
    102a:	55 23       	and	r21, r21
    102c:	91 f3       	breq	.-28     	; 0x1012 <__divsf3+0x1a>
    102e:	95 1b       	sub	r25, r21
    1030:	55 0b       	sbc	r21, r21
    1032:	bb 27       	eor	r27, r27
    1034:	aa 27       	eor	r26, r26
    1036:	62 17       	cp	r22, r18
    1038:	73 07       	cpc	r23, r19
    103a:	84 07       	cpc	r24, r20
    103c:	38 f0       	brcs	.+14     	; 0x104c <__divsf3_pse+0x26>
    103e:	9f 5f       	subi	r25, 0xFF	; 255
    1040:	5f 4f       	sbci	r21, 0xFF	; 255
    1042:	22 0f       	add	r18, r18
    1044:	33 1f       	adc	r19, r19
    1046:	44 1f       	adc	r20, r20
    1048:	aa 1f       	adc	r26, r26
    104a:	a9 f3       	breq	.-22     	; 0x1036 <__divsf3_pse+0x10>
    104c:	35 d0       	rcall	.+106    	; 0x10b8 <__divsf3_pse+0x92>
    104e:	0e 2e       	mov	r0, r30
    1050:	3a f0       	brmi	.+14     	; 0x1060 <__divsf3_pse+0x3a>
    1052:	e0 e8       	ldi	r30, 0x80	; 128
    1054:	32 d0       	rcall	.+100    	; 0x10ba <__divsf3_pse+0x94>
    1056:	91 50       	subi	r25, 0x01	; 1
    1058:	50 40       	sbci	r21, 0x00	; 0
    105a:	e6 95       	lsr	r30
    105c:	00 1c       	adc	r0, r0
    105e:	ca f7       	brpl	.-14     	; 0x1052 <__divsf3_pse+0x2c>
    1060:	2b d0       	rcall	.+86     	; 0x10b8 <__divsf3_pse+0x92>
    1062:	fe 2f       	mov	r31, r30
    1064:	29 d0       	rcall	.+82     	; 0x10b8 <__divsf3_pse+0x92>
    1066:	66 0f       	add	r22, r22
    1068:	77 1f       	adc	r23, r23
    106a:	88 1f       	adc	r24, r24
    106c:	bb 1f       	adc	r27, r27
    106e:	26 17       	cp	r18, r22
    1070:	37 07       	cpc	r19, r23
    1072:	48 07       	cpc	r20, r24
    1074:	ab 07       	cpc	r26, r27
    1076:	b0 e8       	ldi	r27, 0x80	; 128
    1078:	09 f0       	breq	.+2      	; 0x107c <__divsf3_pse+0x56>
    107a:	bb 0b       	sbc	r27, r27
    107c:	80 2d       	mov	r24, r0
    107e:	bf 01       	movw	r22, r30
    1080:	ff 27       	eor	r31, r31
    1082:	93 58       	subi	r25, 0x83	; 131
    1084:	5f 4f       	sbci	r21, 0xFF	; 255
    1086:	3a f0       	brmi	.+14     	; 0x1096 <__divsf3_pse+0x70>
    1088:	9e 3f       	cpi	r25, 0xFE	; 254
    108a:	51 05       	cpc	r21, r1
    108c:	78 f0       	brcs	.+30     	; 0x10ac <__divsf3_pse+0x86>
    108e:	0c 94 16 09 	jmp	0x122c	; 0x122c <__fp_inf>
    1092:	0c 94 71 09 	jmp	0x12e2	; 0x12e2 <__fp_szero>
    1096:	5f 3f       	cpi	r21, 0xFF	; 255
    1098:	e4 f3       	brlt	.-8      	; 0x1092 <__divsf3_pse+0x6c>
    109a:	98 3e       	cpi	r25, 0xE8	; 232
    109c:	d4 f3       	brlt	.-12     	; 0x1092 <__divsf3_pse+0x6c>
    109e:	86 95       	lsr	r24
    10a0:	77 95       	ror	r23
    10a2:	67 95       	ror	r22
    10a4:	b7 95       	ror	r27
    10a6:	f7 95       	ror	r31
    10a8:	9f 5f       	subi	r25, 0xFF	; 255
    10aa:	c9 f7       	brne	.-14     	; 0x109e <__divsf3_pse+0x78>
    10ac:	88 0f       	add	r24, r24
    10ae:	91 1d       	adc	r25, r1
    10b0:	96 95       	lsr	r25
    10b2:	87 95       	ror	r24
    10b4:	97 f9       	bld	r25, 7
    10b6:	08 95       	ret
    10b8:	e1 e0       	ldi	r30, 0x01	; 1
    10ba:	66 0f       	add	r22, r22
    10bc:	77 1f       	adc	r23, r23
    10be:	88 1f       	adc	r24, r24
    10c0:	bb 1f       	adc	r27, r27
    10c2:	62 17       	cp	r22, r18
    10c4:	73 07       	cpc	r23, r19
    10c6:	84 07       	cpc	r24, r20
    10c8:	ba 07       	cpc	r27, r26
    10ca:	20 f0       	brcs	.+8      	; 0x10d4 <__divsf3_pse+0xae>
    10cc:	62 1b       	sub	r22, r18
    10ce:	73 0b       	sbc	r23, r19
    10d0:	84 0b       	sbc	r24, r20
    10d2:	ba 0b       	sbc	r27, r26
    10d4:	ee 1f       	adc	r30, r30
    10d6:	88 f7       	brcc	.-30     	; 0x10ba <__divsf3_pse+0x94>
    10d8:	e0 95       	com	r30
    10da:	08 95       	ret

000010dc <__fixsfdi>:
    10dc:	be e3       	ldi	r27, 0x3E	; 62
    10de:	04 d0       	rcall	.+8      	; 0x10e8 <__fixunssfdi+0x2>
    10e0:	08 f4       	brcc	.+2      	; 0x10e4 <__fixsfdi+0x8>
    10e2:	90 e8       	ldi	r25, 0x80	; 128
    10e4:	08 95       	ret

000010e6 <__fixunssfdi>:
    10e6:	bf e3       	ldi	r27, 0x3F	; 63
    10e8:	22 27       	eor	r18, r18
    10ea:	33 27       	eor	r19, r19
    10ec:	a9 01       	movw	r20, r18
    10ee:	0e 94 56 09 	call	0x12ac	; 0x12ac <__fp_splitA>
    10f2:	60 f1       	brcs	.+88     	; 0x114c <__fixunssfdi+0x66>
    10f4:	9f 57       	subi	r25, 0x7F	; 127
    10f6:	48 f1       	brcs	.+82     	; 0x114a <__fixunssfdi+0x64>
    10f8:	b9 17       	cp	r27, r25
    10fa:	40 f1       	brcs	.+80     	; 0x114c <__fixunssfdi+0x66>
    10fc:	bf e3       	ldi	r27, 0x3F	; 63
    10fe:	b9 1b       	sub	r27, r25
    1100:	99 27       	eor	r25, r25
    1102:	b8 50       	subi	r27, 0x08	; 8
    1104:	3a f4       	brpl	.+14     	; 0x1114 <__fixunssfdi+0x2e>
    1106:	66 0f       	add	r22, r22
    1108:	77 1f       	adc	r23, r23
    110a:	88 1f       	adc	r24, r24
    110c:	99 1f       	adc	r25, r25
    110e:	b3 95       	inc	r27
    1110:	d2 f3       	brmi	.-12     	; 0x1106 <__fixunssfdi+0x20>
    1112:	16 c0       	rjmp	.+44     	; 0x1140 <__fixunssfdi+0x5a>
    1114:	b8 50       	subi	r27, 0x08	; 8
    1116:	4a f0       	brmi	.+18     	; 0x112a <__fixunssfdi+0x44>
    1118:	23 2f       	mov	r18, r19
    111a:	34 2f       	mov	r19, r20
    111c:	45 2f       	mov	r20, r21
    111e:	56 2f       	mov	r21, r22
    1120:	67 2f       	mov	r22, r23
    1122:	78 2f       	mov	r23, r24
    1124:	88 27       	eor	r24, r24
    1126:	b8 50       	subi	r27, 0x08	; 8
    1128:	ba f7       	brpl	.-18     	; 0x1118 <__fixunssfdi+0x32>
    112a:	b8 5f       	subi	r27, 0xF8	; 248
    112c:	49 f0       	breq	.+18     	; 0x1140 <__fixunssfdi+0x5a>
    112e:	86 95       	lsr	r24
    1130:	77 95       	ror	r23
    1132:	67 95       	ror	r22
    1134:	57 95       	ror	r21
    1136:	47 95       	ror	r20
    1138:	37 95       	ror	r19
    113a:	27 95       	ror	r18
    113c:	ba 95       	dec	r27
    113e:	b9 f7       	brne	.-18     	; 0x112e <__fixunssfdi+0x48>
    1140:	16 f4       	brtc	.+4      	; 0x1146 <__fixunssfdi+0x60>
    1142:	0e 94 1f 09 	call	0x123e	; 0x123e <__fp_negdi>
    1146:	88 94       	clc
    1148:	08 95       	ret
    114a:	88 94       	clc
    114c:	60 e0       	ldi	r22, 0x00	; 0
    114e:	70 e0       	ldi	r23, 0x00	; 0
    1150:	cb 01       	movw	r24, r22
    1152:	08 95       	ret

00001154 <__fixunssfsi>:
    1154:	0e 94 56 09 	call	0x12ac	; 0x12ac <__fp_splitA>
    1158:	88 f0       	brcs	.+34     	; 0x117c <__fixunssfsi+0x28>
    115a:	9f 57       	subi	r25, 0x7F	; 127
    115c:	98 f0       	brcs	.+38     	; 0x1184 <__fixunssfsi+0x30>
    115e:	b9 2f       	mov	r27, r25
    1160:	99 27       	eor	r25, r25
    1162:	b7 51       	subi	r27, 0x17	; 23
    1164:	b0 f0       	brcs	.+44     	; 0x1192 <__fixunssfsi+0x3e>
    1166:	e1 f0       	breq	.+56     	; 0x11a0 <__fixunssfsi+0x4c>
    1168:	66 0f       	add	r22, r22
    116a:	77 1f       	adc	r23, r23
    116c:	88 1f       	adc	r24, r24
    116e:	99 1f       	adc	r25, r25
    1170:	1a f0       	brmi	.+6      	; 0x1178 <__fixunssfsi+0x24>
    1172:	ba 95       	dec	r27
    1174:	c9 f7       	brne	.-14     	; 0x1168 <__fixunssfsi+0x14>
    1176:	14 c0       	rjmp	.+40     	; 0x11a0 <__fixunssfsi+0x4c>
    1178:	b1 30       	cpi	r27, 0x01	; 1
    117a:	91 f0       	breq	.+36     	; 0x11a0 <__fixunssfsi+0x4c>
    117c:	0e 94 70 09 	call	0x12e0	; 0x12e0 <__fp_zero>
    1180:	b1 e0       	ldi	r27, 0x01	; 1
    1182:	08 95       	ret
    1184:	0c 94 70 09 	jmp	0x12e0	; 0x12e0 <__fp_zero>
    1188:	67 2f       	mov	r22, r23
    118a:	78 2f       	mov	r23, r24
    118c:	88 27       	eor	r24, r24
    118e:	b8 5f       	subi	r27, 0xF8	; 248
    1190:	39 f0       	breq	.+14     	; 0x11a0 <__fixunssfsi+0x4c>
    1192:	b9 3f       	cpi	r27, 0xF9	; 249
    1194:	cc f3       	brlt	.-14     	; 0x1188 <__fixunssfsi+0x34>
    1196:	86 95       	lsr	r24
    1198:	77 95       	ror	r23
    119a:	67 95       	ror	r22
    119c:	b3 95       	inc	r27
    119e:	d9 f7       	brne	.-10     	; 0x1196 <__fixunssfsi+0x42>
    11a0:	3e f4       	brtc	.+14     	; 0x11b0 <__fixunssfsi+0x5c>
    11a2:	90 95       	com	r25
    11a4:	80 95       	com	r24
    11a6:	70 95       	com	r23
    11a8:	61 95       	neg	r22
    11aa:	7f 4f       	sbci	r23, 0xFF	; 255
    11ac:	8f 4f       	sbci	r24, 0xFF	; 255
    11ae:	9f 4f       	sbci	r25, 0xFF	; 255
    11b0:	08 95       	ret

000011b2 <__floatunsisf>:
    11b2:	e8 94       	clt
    11b4:	09 c0       	rjmp	.+18     	; 0x11c8 <__floatsisf+0x12>

000011b6 <__floatsisf>:
    11b6:	97 fb       	bst	r25, 7
    11b8:	3e f4       	brtc	.+14     	; 0x11c8 <__floatsisf+0x12>
    11ba:	90 95       	com	r25
    11bc:	80 95       	com	r24
    11be:	70 95       	com	r23
    11c0:	61 95       	neg	r22
    11c2:	7f 4f       	sbci	r23, 0xFF	; 255
    11c4:	8f 4f       	sbci	r24, 0xFF	; 255
    11c6:	9f 4f       	sbci	r25, 0xFF	; 255
    11c8:	99 23       	and	r25, r25
    11ca:	a9 f0       	breq	.+42     	; 0x11f6 <__floatsisf+0x40>
    11cc:	f9 2f       	mov	r31, r25
    11ce:	96 e9       	ldi	r25, 0x96	; 150
    11d0:	bb 27       	eor	r27, r27
    11d2:	93 95       	inc	r25
    11d4:	f6 95       	lsr	r31
    11d6:	87 95       	ror	r24
    11d8:	77 95       	ror	r23
    11da:	67 95       	ror	r22
    11dc:	b7 95       	ror	r27
    11de:	f1 11       	cpse	r31, r1
    11e0:	f8 cf       	rjmp	.-16     	; 0x11d2 <__floatsisf+0x1c>
    11e2:	fa f4       	brpl	.+62     	; 0x1222 <__floatsisf+0x6c>
    11e4:	bb 0f       	add	r27, r27
    11e6:	11 f4       	brne	.+4      	; 0x11ec <__floatsisf+0x36>
    11e8:	60 ff       	sbrs	r22, 0
    11ea:	1b c0       	rjmp	.+54     	; 0x1222 <__floatsisf+0x6c>
    11ec:	6f 5f       	subi	r22, 0xFF	; 255
    11ee:	7f 4f       	sbci	r23, 0xFF	; 255
    11f0:	8f 4f       	sbci	r24, 0xFF	; 255
    11f2:	9f 4f       	sbci	r25, 0xFF	; 255
    11f4:	16 c0       	rjmp	.+44     	; 0x1222 <__floatsisf+0x6c>
    11f6:	88 23       	and	r24, r24
    11f8:	11 f0       	breq	.+4      	; 0x11fe <__floatsisf+0x48>
    11fa:	96 e9       	ldi	r25, 0x96	; 150
    11fc:	11 c0       	rjmp	.+34     	; 0x1220 <__floatsisf+0x6a>
    11fe:	77 23       	and	r23, r23
    1200:	21 f0       	breq	.+8      	; 0x120a <__floatsisf+0x54>
    1202:	9e e8       	ldi	r25, 0x8E	; 142
    1204:	87 2f       	mov	r24, r23
    1206:	76 2f       	mov	r23, r22
    1208:	05 c0       	rjmp	.+10     	; 0x1214 <__floatsisf+0x5e>
    120a:	66 23       	and	r22, r22
    120c:	71 f0       	breq	.+28     	; 0x122a <__floatsisf+0x74>
    120e:	96 e8       	ldi	r25, 0x86	; 134
    1210:	86 2f       	mov	r24, r22
    1212:	70 e0       	ldi	r23, 0x00	; 0
    1214:	60 e0       	ldi	r22, 0x00	; 0
    1216:	2a f0       	brmi	.+10     	; 0x1222 <__floatsisf+0x6c>
    1218:	9a 95       	dec	r25
    121a:	66 0f       	add	r22, r22
    121c:	77 1f       	adc	r23, r23
    121e:	88 1f       	adc	r24, r24
    1220:	da f7       	brpl	.-10     	; 0x1218 <__floatsisf+0x62>
    1222:	88 0f       	add	r24, r24
    1224:	96 95       	lsr	r25
    1226:	87 95       	ror	r24
    1228:	97 f9       	bld	r25, 7
    122a:	08 95       	ret

0000122c <__fp_inf>:
    122c:	97 f9       	bld	r25, 7
    122e:	9f 67       	ori	r25, 0x7F	; 127
    1230:	80 e8       	ldi	r24, 0x80	; 128
    1232:	70 e0       	ldi	r23, 0x00	; 0
    1234:	60 e0       	ldi	r22, 0x00	; 0
    1236:	08 95       	ret

00001238 <__fp_nan>:
    1238:	9f ef       	ldi	r25, 0xFF	; 255
    123a:	80 ec       	ldi	r24, 0xC0	; 192
    123c:	08 95       	ret

0000123e <__fp_negdi>:
    123e:	90 95       	com	r25
    1240:	80 95       	com	r24
    1242:	70 95       	com	r23
    1244:	60 95       	com	r22
    1246:	50 95       	com	r21
    1248:	40 95       	com	r20
    124a:	30 95       	com	r19
    124c:	21 95       	neg	r18
    124e:	3f 4f       	sbci	r19, 0xFF	; 255
    1250:	4f 4f       	sbci	r20, 0xFF	; 255
    1252:	5f 4f       	sbci	r21, 0xFF	; 255
    1254:	6f 4f       	sbci	r22, 0xFF	; 255
    1256:	7f 4f       	sbci	r23, 0xFF	; 255
    1258:	8f 4f       	sbci	r24, 0xFF	; 255
    125a:	9f 4f       	sbci	r25, 0xFF	; 255
    125c:	08 95       	ret

0000125e <__fp_pscA>:
    125e:	00 24       	eor	r0, r0
    1260:	0a 94       	dec	r0
    1262:	16 16       	cp	r1, r22
    1264:	17 06       	cpc	r1, r23
    1266:	18 06       	cpc	r1, r24
    1268:	09 06       	cpc	r0, r25
    126a:	08 95       	ret

0000126c <__fp_pscB>:
    126c:	00 24       	eor	r0, r0
    126e:	0a 94       	dec	r0
    1270:	12 16       	cp	r1, r18
    1272:	13 06       	cpc	r1, r19
    1274:	14 06       	cpc	r1, r20
    1276:	05 06       	cpc	r0, r21
    1278:	08 95       	ret

0000127a <__fp_round>:
    127a:	09 2e       	mov	r0, r25
    127c:	03 94       	inc	r0
    127e:	00 0c       	add	r0, r0
    1280:	11 f4       	brne	.+4      	; 0x1286 <__fp_round+0xc>
    1282:	88 23       	and	r24, r24
    1284:	52 f0       	brmi	.+20     	; 0x129a <__fp_round+0x20>
    1286:	bb 0f       	add	r27, r27
    1288:	40 f4       	brcc	.+16     	; 0x129a <__fp_round+0x20>
    128a:	bf 2b       	or	r27, r31
    128c:	11 f4       	brne	.+4      	; 0x1292 <__fp_round+0x18>
    128e:	60 ff       	sbrs	r22, 0
    1290:	04 c0       	rjmp	.+8      	; 0x129a <__fp_round+0x20>
    1292:	6f 5f       	subi	r22, 0xFF	; 255
    1294:	7f 4f       	sbci	r23, 0xFF	; 255
    1296:	8f 4f       	sbci	r24, 0xFF	; 255
    1298:	9f 4f       	sbci	r25, 0xFF	; 255
    129a:	08 95       	ret

0000129c <__fp_split3>:
    129c:	57 fd       	sbrc	r21, 7
    129e:	90 58       	subi	r25, 0x80	; 128
    12a0:	44 0f       	add	r20, r20
    12a2:	55 1f       	adc	r21, r21
    12a4:	59 f0       	breq	.+22     	; 0x12bc <__fp_splitA+0x10>
    12a6:	5f 3f       	cpi	r21, 0xFF	; 255
    12a8:	71 f0       	breq	.+28     	; 0x12c6 <__fp_splitA+0x1a>
    12aa:	47 95       	ror	r20

000012ac <__fp_splitA>:
    12ac:	88 0f       	add	r24, r24
    12ae:	97 fb       	bst	r25, 7
    12b0:	99 1f       	adc	r25, r25
    12b2:	61 f0       	breq	.+24     	; 0x12cc <__fp_splitA+0x20>
    12b4:	9f 3f       	cpi	r25, 0xFF	; 255
    12b6:	79 f0       	breq	.+30     	; 0x12d6 <__fp_splitA+0x2a>
    12b8:	87 95       	ror	r24
    12ba:	08 95       	ret
    12bc:	12 16       	cp	r1, r18
    12be:	13 06       	cpc	r1, r19
    12c0:	14 06       	cpc	r1, r20
    12c2:	55 1f       	adc	r21, r21
    12c4:	f2 cf       	rjmp	.-28     	; 0x12aa <__fp_split3+0xe>
    12c6:	46 95       	lsr	r20
    12c8:	f1 df       	rcall	.-30     	; 0x12ac <__fp_splitA>
    12ca:	08 c0       	rjmp	.+16     	; 0x12dc <__fp_splitA+0x30>
    12cc:	16 16       	cp	r1, r22
    12ce:	17 06       	cpc	r1, r23
    12d0:	18 06       	cpc	r1, r24
    12d2:	99 1f       	adc	r25, r25
    12d4:	f1 cf       	rjmp	.-30     	; 0x12b8 <__fp_splitA+0xc>
    12d6:	86 95       	lsr	r24
    12d8:	71 05       	cpc	r23, r1
    12da:	61 05       	cpc	r22, r1
    12dc:	08 94       	sec
    12de:	08 95       	ret

000012e0 <__fp_zero>:
    12e0:	e8 94       	clt

000012e2 <__fp_szero>:
    12e2:	bb 27       	eor	r27, r27
    12e4:	66 27       	eor	r22, r22
    12e6:	77 27       	eor	r23, r23
    12e8:	cb 01       	movw	r24, r22
    12ea:	97 f9       	bld	r25, 7
    12ec:	08 95       	ret

000012ee <__mulsf3>:
    12ee:	0e 94 8a 09 	call	0x1314	; 0x1314 <__mulsf3x>
    12f2:	0c 94 3d 09 	jmp	0x127a	; 0x127a <__fp_round>
    12f6:	0e 94 2f 09 	call	0x125e	; 0x125e <__fp_pscA>
    12fa:	38 f0       	brcs	.+14     	; 0x130a <__mulsf3+0x1c>
    12fc:	0e 94 36 09 	call	0x126c	; 0x126c <__fp_pscB>
    1300:	20 f0       	brcs	.+8      	; 0x130a <__mulsf3+0x1c>
    1302:	95 23       	and	r25, r21
    1304:	11 f0       	breq	.+4      	; 0x130a <__mulsf3+0x1c>
    1306:	0c 94 16 09 	jmp	0x122c	; 0x122c <__fp_inf>
    130a:	0c 94 1c 09 	jmp	0x1238	; 0x1238 <__fp_nan>
    130e:	11 24       	eor	r1, r1
    1310:	0c 94 71 09 	jmp	0x12e2	; 0x12e2 <__fp_szero>

00001314 <__mulsf3x>:
    1314:	0e 94 4e 09 	call	0x129c	; 0x129c <__fp_split3>
    1318:	70 f3       	brcs	.-36     	; 0x12f6 <__mulsf3+0x8>

0000131a <__mulsf3_pse>:
    131a:	95 9f       	mul	r25, r21
    131c:	c1 f3       	breq	.-16     	; 0x130e <__mulsf3+0x20>
    131e:	95 0f       	add	r25, r21
    1320:	50 e0       	ldi	r21, 0x00	; 0
    1322:	55 1f       	adc	r21, r21
    1324:	62 9f       	mul	r22, r18
    1326:	f0 01       	movw	r30, r0
    1328:	72 9f       	mul	r23, r18
    132a:	bb 27       	eor	r27, r27
    132c:	f0 0d       	add	r31, r0
    132e:	b1 1d       	adc	r27, r1
    1330:	63 9f       	mul	r22, r19
    1332:	aa 27       	eor	r26, r26
    1334:	f0 0d       	add	r31, r0
    1336:	b1 1d       	adc	r27, r1
    1338:	aa 1f       	adc	r26, r26
    133a:	64 9f       	mul	r22, r20
    133c:	66 27       	eor	r22, r22
    133e:	b0 0d       	add	r27, r0
    1340:	a1 1d       	adc	r26, r1
    1342:	66 1f       	adc	r22, r22
    1344:	82 9f       	mul	r24, r18
    1346:	22 27       	eor	r18, r18
    1348:	b0 0d       	add	r27, r0
    134a:	a1 1d       	adc	r26, r1
    134c:	62 1f       	adc	r22, r18
    134e:	73 9f       	mul	r23, r19
    1350:	b0 0d       	add	r27, r0
    1352:	a1 1d       	adc	r26, r1
    1354:	62 1f       	adc	r22, r18
    1356:	83 9f       	mul	r24, r19
    1358:	a0 0d       	add	r26, r0
    135a:	61 1d       	adc	r22, r1
    135c:	22 1f       	adc	r18, r18
    135e:	74 9f       	mul	r23, r20
    1360:	33 27       	eor	r19, r19
    1362:	a0 0d       	add	r26, r0
    1364:	61 1d       	adc	r22, r1
    1366:	23 1f       	adc	r18, r19
    1368:	84 9f       	mul	r24, r20
    136a:	60 0d       	add	r22, r0
    136c:	21 1d       	adc	r18, r1
    136e:	82 2f       	mov	r24, r18
    1370:	76 2f       	mov	r23, r22
    1372:	6a 2f       	mov	r22, r26
    1374:	11 24       	eor	r1, r1
    1376:	9f 57       	subi	r25, 0x7F	; 127
    1378:	50 40       	sbci	r21, 0x00	; 0
    137a:	9a f0       	brmi	.+38     	; 0x13a2 <__mulsf3_pse+0x88>
    137c:	f1 f0       	breq	.+60     	; 0x13ba <__mulsf3_pse+0xa0>
    137e:	88 23       	and	r24, r24
    1380:	4a f0       	brmi	.+18     	; 0x1394 <__mulsf3_pse+0x7a>
    1382:	ee 0f       	add	r30, r30
    1384:	ff 1f       	adc	r31, r31
    1386:	bb 1f       	adc	r27, r27
    1388:	66 1f       	adc	r22, r22
    138a:	77 1f       	adc	r23, r23
    138c:	88 1f       	adc	r24, r24
    138e:	91 50       	subi	r25, 0x01	; 1
    1390:	50 40       	sbci	r21, 0x00	; 0
    1392:	a9 f7       	brne	.-22     	; 0x137e <__mulsf3_pse+0x64>
    1394:	9e 3f       	cpi	r25, 0xFE	; 254
    1396:	51 05       	cpc	r21, r1
    1398:	80 f0       	brcs	.+32     	; 0x13ba <__mulsf3_pse+0xa0>
    139a:	0c 94 16 09 	jmp	0x122c	; 0x122c <__fp_inf>
    139e:	0c 94 71 09 	jmp	0x12e2	; 0x12e2 <__fp_szero>
    13a2:	5f 3f       	cpi	r21, 0xFF	; 255
    13a4:	e4 f3       	brlt	.-8      	; 0x139e <__mulsf3_pse+0x84>
    13a6:	98 3e       	cpi	r25, 0xE8	; 232
    13a8:	d4 f3       	brlt	.-12     	; 0x139e <__mulsf3_pse+0x84>
    13aa:	86 95       	lsr	r24
    13ac:	77 95       	ror	r23
    13ae:	67 95       	ror	r22
    13b0:	b7 95       	ror	r27
    13b2:	f7 95       	ror	r31
    13b4:	e7 95       	ror	r30
    13b6:	9f 5f       	subi	r25, 0xFF	; 255
    13b8:	c1 f7       	brne	.-16     	; 0x13aa <__mulsf3_pse+0x90>
    13ba:	fe 2b       	or	r31, r30
    13bc:	88 0f       	add	r24, r24
    13be:	91 1d       	adc	r25, r1
    13c0:	96 95       	lsr	r25
    13c2:	87 95       	ror	r24
    13c4:	97 f9       	bld	r25, 7
    13c6:	08 95       	ret

000013c8 <__umoddi3>:
    13c8:	68 94       	set
    13ca:	01 c0       	rjmp	.+2      	; 0x13ce <__udivdi3_umoddi3>

000013cc <__udivdi3>:
    13cc:	e8 94       	clt

000013ce <__udivdi3_umoddi3>:
    13ce:	8f 92       	push	r8
    13d0:	9f 92       	push	r9
    13d2:	cf 93       	push	r28
    13d4:	df 93       	push	r29
    13d6:	0e 94 f2 09 	call	0x13e4	; 0x13e4 <__udivmod64>
    13da:	df 91       	pop	r29
    13dc:	cf 91       	pop	r28
    13de:	9f 90       	pop	r9
    13e0:	8f 90       	pop	r8
    13e2:	08 95       	ret

000013e4 <__udivmod64>:
    13e4:	88 24       	eor	r8, r8
    13e6:	99 24       	eor	r9, r9
    13e8:	f4 01       	movw	r30, r8
    13ea:	e4 01       	movw	r28, r8
    13ec:	b0 e4       	ldi	r27, 0x40	; 64
    13ee:	9f 93       	push	r25
    13f0:	aa 27       	eor	r26, r26
    13f2:	9a 15       	cp	r25, r10
    13f4:	8b 04       	cpc	r8, r11
    13f6:	9c 04       	cpc	r9, r12
    13f8:	ed 05       	cpc	r30, r13
    13fa:	fe 05       	cpc	r31, r14
    13fc:	cf 05       	cpc	r28, r15
    13fe:	d0 07       	cpc	r29, r16
    1400:	a1 07       	cpc	r26, r17
    1402:	98 f4       	brcc	.+38     	; 0x142a <__udivmod64+0x46>
    1404:	ad 2f       	mov	r26, r29
    1406:	dc 2f       	mov	r29, r28
    1408:	cf 2f       	mov	r28, r31
    140a:	fe 2f       	mov	r31, r30
    140c:	e9 2d       	mov	r30, r9
    140e:	98 2c       	mov	r9, r8
    1410:	89 2e       	mov	r8, r25
    1412:	98 2f       	mov	r25, r24
    1414:	87 2f       	mov	r24, r23
    1416:	76 2f       	mov	r23, r22
    1418:	65 2f       	mov	r22, r21
    141a:	54 2f       	mov	r21, r20
    141c:	43 2f       	mov	r20, r19
    141e:	32 2f       	mov	r19, r18
    1420:	22 27       	eor	r18, r18
    1422:	b8 50       	subi	r27, 0x08	; 8
    1424:	31 f7       	brne	.-52     	; 0x13f2 <__udivmod64+0xe>
    1426:	bf 91       	pop	r27
    1428:	27 c0       	rjmp	.+78     	; 0x1478 <__udivmod64+0x94>
    142a:	1b 2e       	mov	r1, r27
    142c:	bf 91       	pop	r27
    142e:	bb 27       	eor	r27, r27
    1430:	22 0f       	add	r18, r18
    1432:	33 1f       	adc	r19, r19
    1434:	44 1f       	adc	r20, r20
    1436:	55 1f       	adc	r21, r21
    1438:	66 1f       	adc	r22, r22
    143a:	77 1f       	adc	r23, r23
    143c:	88 1f       	adc	r24, r24
    143e:	99 1f       	adc	r25, r25
    1440:	88 1c       	adc	r8, r8
    1442:	99 1c       	adc	r9, r9
    1444:	ee 1f       	adc	r30, r30
    1446:	ff 1f       	adc	r31, r31
    1448:	cc 1f       	adc	r28, r28
    144a:	dd 1f       	adc	r29, r29
    144c:	aa 1f       	adc	r26, r26
    144e:	bb 1f       	adc	r27, r27
    1450:	8a 14       	cp	r8, r10
    1452:	9b 04       	cpc	r9, r11
    1454:	ec 05       	cpc	r30, r12
    1456:	fd 05       	cpc	r31, r13
    1458:	ce 05       	cpc	r28, r14
    145a:	df 05       	cpc	r29, r15
    145c:	a0 07       	cpc	r26, r16
    145e:	b1 07       	cpc	r27, r17
    1460:	48 f0       	brcs	.+18     	; 0x1474 <__udivmod64+0x90>
    1462:	8a 18       	sub	r8, r10
    1464:	9b 08       	sbc	r9, r11
    1466:	ec 09       	sbc	r30, r12
    1468:	fd 09       	sbc	r31, r13
    146a:	ce 09       	sbc	r28, r14
    146c:	df 09       	sbc	r29, r15
    146e:	a0 0b       	sbc	r26, r16
    1470:	b1 0b       	sbc	r27, r17
    1472:	21 60       	ori	r18, 0x01	; 1
    1474:	1a 94       	dec	r1
    1476:	e1 f6       	brne	.-72     	; 0x1430 <__udivmod64+0x4c>
    1478:	2e f4       	brtc	.+10     	; 0x1484 <__udivmod64+0xa0>
    147a:	94 01       	movw	r18, r8
    147c:	af 01       	movw	r20, r30
    147e:	be 01       	movw	r22, r28
    1480:	cd 01       	movw	r24, r26
    1482:	00 0c       	add	r0, r0
    1484:	08 95       	ret

00001486 <__ashldi3>:
    1486:	0f 93       	push	r16
    1488:	08 30       	cpi	r16, 0x08	; 8
    148a:	90 f0       	brcs	.+36     	; 0x14b0 <__ashldi3+0x2a>
    148c:	98 2f       	mov	r25, r24
    148e:	87 2f       	mov	r24, r23
    1490:	76 2f       	mov	r23, r22
    1492:	65 2f       	mov	r22, r21
    1494:	54 2f       	mov	r21, r20
    1496:	43 2f       	mov	r20, r19
    1498:	32 2f       	mov	r19, r18
    149a:	22 27       	eor	r18, r18
    149c:	08 50       	subi	r16, 0x08	; 8
    149e:	f4 cf       	rjmp	.-24     	; 0x1488 <__ashldi3+0x2>
    14a0:	22 0f       	add	r18, r18
    14a2:	33 1f       	adc	r19, r19
    14a4:	44 1f       	adc	r20, r20
    14a6:	55 1f       	adc	r21, r21
    14a8:	66 1f       	adc	r22, r22
    14aa:	77 1f       	adc	r23, r23
    14ac:	88 1f       	adc	r24, r24
    14ae:	99 1f       	adc	r25, r25
    14b0:	0a 95       	dec	r16
    14b2:	b2 f7       	brpl	.-20     	; 0x14a0 <__ashldi3+0x1a>
    14b4:	0f 91       	pop	r16
    14b6:	08 95       	ret

000014b8 <__adddi3>:
    14b8:	2a 0d       	add	r18, r10
    14ba:	3b 1d       	adc	r19, r11
    14bc:	4c 1d       	adc	r20, r12
    14be:	5d 1d       	adc	r21, r13
    14c0:	6e 1d       	adc	r22, r14
    14c2:	7f 1d       	adc	r23, r15
    14c4:	80 1f       	adc	r24, r16
    14c6:	91 1f       	adc	r25, r17
    14c8:	08 95       	ret

000014ca <__cmpdi2_s8>:
    14ca:	00 24       	eor	r0, r0
    14cc:	a7 fd       	sbrc	r26, 7
    14ce:	00 94       	com	r0
    14d0:	2a 17       	cp	r18, r26
    14d2:	30 05       	cpc	r19, r0
    14d4:	40 05       	cpc	r20, r0
    14d6:	50 05       	cpc	r21, r0
    14d8:	60 05       	cpc	r22, r0
    14da:	70 05       	cpc	r23, r0
    14dc:	80 05       	cpc	r24, r0
    14de:	90 05       	cpc	r25, r0
    14e0:	08 95       	ret

000014e2 <_exit>:
    14e2:	f8 94       	cli

000014e4 <__stop_program>:
    14e4:	ff cf       	rjmp	.-2      	; 0x14e4 <__stop_program>
